Time  [ms],CPU1 Frequency [kHz],Time  [ms],CPU1 Load [%],Time  [ms],Mobile Data State,Time  [ms],CPU2 Frequency [kHz],Time  [ms],CPU2 Load [%],Time  [ms],CPU3 Frequency [kHz],Time  [ms],CPU3 Load [%],Time  [ms],Screen Brightness,Time  [ms],CPU4 Frequency [kHz],Time  [ms],CPU4 Load [%],Time  [ms],CPU5 Frequency [kHz],Time  [ms],CPU5 Load [%],Time  [ms],Battery Power* [uW],Time  [ms],CPU6 Frequency [kHz],Time  [ms],CPU6 Load [%],Time  [ms],Battery Status,Time  [ms],GPU Frequency [KHz],Time  [ms],GPU Load [%]
0,1440000,2,29,2,0,3,1440000,5,23,5,1440000,7,18,8,0,8,1440000,10,10,10,633600,12,13,12,527368,13,633600,15,0,15,0,16,0,16,0
101,1440000,103,44,103,0,104,1440000,105,50,106,1440000,108,33,109,0,110,1440000,112,27,113,633600,115,0,115,971308,115,633600,117,0,117,0,118,0,119,0
203,1440000,208,88,118,3,209,1440000,210,55,211,1440000,213,77,214,0,214,1440000,216,11,217,633600,218,10,219,1474496,219,633600,221,9,119,0,222,0,223,0
302,1440000,304,80,126,3,305,1440000,307,62,308,1440000,309,70,310,0,311,1440000,313,37,313,633600,315,10,315,1603805,316,633600,318,0,221,0,319,0,320,0
403,1440000,404,50,208,3,405,1440000,406,90,407,1440000,409,54,409,0,410,1440000,411,22,412,633600,413,0,413,1362355,414,633600,415,0,318,0,416,0,417,0
503,1440000,505,22,304,3,506,1440000,508,22,508,1440000,510,30,511,0,511,1440000,513,11,514,633600,516,18,516,567671,516,633600,517,0,416,0,518,0,519,0
604,1440000,606,37,404,3,606,1440000,609,40,610,1440000,612,50,612,0,613,1440000,615,0,615,633600,617,0,617,801014,618,633600,619,0,518,0,620,0,621,0
708,1440000,712,80,505,3,713,1440000,716,66,716,1440000,719,77,721,0,723,1440000,724,25,725,633600,726,44,726,1641330,727,633600,729,0,620,0,731,0,732,0
805,1440000,807,70,606,3,807,1440000,809,66,809,1440000,810,60,811,0,811,1440000,813,0,813,633600,814,33,815,1294070,815,633600,816,0,730,0,817,0,817,0
906,1440000,907,10,712,3,908,1440000,909,22,910,1440000,911,0,912,0,912,1440000,913,0,914,633600,916,0,916,201830,917,633600,918,0,817,0,919,0,919,0
1007,1248000,1008,22,807,3,1009,1248000,1010,22,1011,1248000,1013,0,1014,0,1014,1248000,1016,9,1016,633600,1018,0,1018,264311,1019,633600,1021,0,918,0,1022,0,1022,0
1107,1248000,1109,30,908,3,1110,1248000,1111,18,1112,1248000,1113,11,1114,0,1114,1248000,1116,0,1116,633600,1118,0,1118,294233,1118,633600,1120,0,1021,0,1121,0,1121,0
1208,1248000,1210,30,1002,4,1210,1248000,1212,20,1212,1248000,1214,10,1214,0,1215,1248000,1216,0,1217,633600,1218,0,1219,299220,1219,633600,1220,0,1120,0,1221,0,1222,0
1309,1440000,1311,20,1009,4,1311,1440000,1313,11,1313,1440000,1314,11,1315,0,1315,1440000,1317,0,1317,633600,1318,0,1319,264902,1319,633600,1320,0,1221,0,1321,0,1322,0
1410,960000,1412,20,1109,4,1413,960000,1415,18,1415,960000,1417,33,1418,0,1418,960000,1420,0,1421,633600,1423,0,1424,233107,1424,633600,1426,0,1320,0,1427,0,1427,0
1511,460800,1515,11,1210,4,1516,460800,1520,30,1521,460800,1526,30,1527,0,1528,600000,1532,0,1532,633600,1535,0,1535,79227,1536,633600,1538,0,1426,0,1540,0,1540,0
1612,384000,1616,55,1311,4,1618,460800,1621,22,1623,460800,1627,44,1628,0,1629,460800,1633,0,1633,633600,1637,0,1637,121547,1638,633600,1641,0,1539,0,1642,0,1642,0
1713,960000,1718,33,1412,4,1719,960000,1723,30,1724,960000,1726,11,1726,0,1727,960000,1729,0,1729,633600,1732,0,1732,242956,1732,633600,1735,0,1641,0,1735,0,1736,0
1814,960000,1817,33,1515,4,1818,960000,1822,22,1823,960000,1826,36,1827,0,1828,960000,1830,0,1831,633600,1832,10,1833,316304,1833,633600,1835,0,1735,0,1836,0,1836,0
1915,1248000,1917,60,1617,4,1918,1248000,1921,55,1922,1248000,1925,44,1926,0,1927,1248000,1929,20,1929,633600,1932,0,1932,892674,1933,633600,1935,0,1835,0,1935,0,1936,0
2016,1248000,2018,40,1718,4,2018,1248000,2021,44,2021,1248000,2024,30,2026,0,2026,960000,2029,20,2030,633600,2032,0,2032,634182,2033,633600,2035,0,1935,0,2036,0,2037,0
2117,1440000,2118,37,1818,4,2119,1440000,2121,44,2121,1440000,2124,11,2125,0,2126,1440000,2128,22,2129,633600,2130,0,2130,719020,2131,633600,2132,0,2035,0,2133,0,2134,0
2218,1440000,2225,20,1917,4,2226,1440000,2229,27,2230,1440000,2233,27,2234,0,2235,1440000,2240,9,2241,633600,2243,0,2243,523497,2243,633600,2245,0,2133,0,2246,0,2246,0
2318,1440000,2322,77,2018,4,2324,1440000,2326,66,2326,1440000,2328,66,2330,0,2331,1440000,2333,11,2333,633600,2334,0,2335,1387584,2335,633600,2340,20,2245,0,2341,0,2342,0
2419,1440000,2420,72,2119,4,2421,1440000,2422,60,2423,1440000,2424,90,2425,0,2425,1440000,2427,33,2428,633600,2430,11,2430,1662688,2430,633600,2432,11,2340,0,2433,0,2433,0
2520,1440000,2522,44,2225,4,2523,1440000,2525,50,2525,1440000,2528,60,2529,0,2529,1440000,2531,36,2532,633600,2533,100,2534,1392984,2534,633600,2536,100,2432,0,2538,0,2539,0
2622,1440000,2624,62,2322,4,2625,1440000,2626,50,2627,1440000,2629,66,2629,0,2630,1440000,2631,50,2632,633600,2634,50,2634,1701036,2634,633600,2636,60,2536,0,2638,0,2639,0
2724,1440000,2726,60,2420,4,2727,1440000,2729,22,2730,1440000,2731,40,2732,0,2732,1440000,2734,16,2734,633600,2738,0,2738,975591,2739,633600,2740,0,2637,0,2742,0,2742,0
2824,1440000,2826,55,2522,4,2826,1440000,2828,30,2829,1440000,2830,30,2831,0,2831,1440000,2833,0,2833,633600,2835,0,2835,725328,2836,633600,2838,0,2741,0,2839,0,2839,0
2925,1248000,2927,36,2625,4,2927,1248000,2929,36,2930,1248000,2931,22,2932,0,2932,1248000,2934,40,2934,633600,2936,0,2936,668259,2937,633600,2938,0,2838,0,2939,0,2940,0
3025,1248000,3028,0,2726,4,3029,1248000,3030,10,3031,1248000,3032,30,3033,0,3034,1248000,3036,27,3036,633600,3038,0,3038,334129,3039,633600,3041,0,2939,0,3042,0,3043,0
3126,1248000,3129,22,2826,4,3130,1248000,3131,11,3132,1248000,3134,40,3135,0,3135,1248000,3137,12,3138,633600,3140,0,3140,423895,3140,633600,3142,0,3041,0,3143,0,3143,0
3227,1248000,3229,41,2927,4,3230,1248000,3232,33,3232,1248000,3234,10,3235,0,3236,1248000,3239,0,3239,633600,3241,0,3242,418908,3242,633600,3244,0,3142,0,3245,0,3245,0
3329,1440000,3331,0,3028,4,3332,1440000,3334,20,3335,1440000,3337,33,3338,0,3338,1440000,3340,9,3341,633600,3343,0,3343,391046,3343,633600,3346,0,3244,0,3347,0,3348,0
3430,1248000,3432,20,3129,4,3433,1248000,3435,22,3436,1248000,3439,18,3440,0,3441,1248000,3443,0,3443,633600,3445,0,3446,299220,3446,633600,3448,0,3347,0,3449,0,3449,0
3530,1248000,3532,12,3230,4,3533,1248000,3535,27,3536,1248000,3538,20,3539,0,3540,1248000,3542,0,3543,633600,3544,0,3545,294233,3545,633600,3547,0,3448,0,3548,0,3548,0
3631,1248000,3633,20,3332,4,3634,1248000,3636,30,3637,1248000,3639,11,3640,0,3641,1440000,3643,0,3644,633600,3647,0,3647,304207,3648,633600,3650,0,3547,0,3650,0,3651,0
3732,1440000,3734,45,3432,4,3737,1440000,3751,40,3756,1440000,3758,50,3759,0,3759,1440000,3761,16,3762,633600,3765,0,3765,952387,3765,633600,3767,0,3650,0,3769,0,3770,0
3832,1440000,3834,88,3532,4,3840,1440000,3842,100,3843,1440000,3846,88,3846,0,3847,1440000,3848,14,3849,633600,3850,25,3850,1872920,3851,633600,3853,11,3768,0,3854,0,3855,0
3933,1440000,3934,88,3633,4,3935,1440000,3937,50,3937,1440000,3939,63,3940,0,3941,1440000,3943,12,3943,633600,3945,10,3945,1380252,3946,633600,3948,0,3853,0,3948,0,3949,0
4034,1440000,4036,72,3734,4,4037,1440000,4039,70,4040,1440000,4042,70,4043,0,4044,1440000,4046,44,4047,633600,4049,33,4050,1672502,4051,633600,4054,0,3948,0,4055,0,4055,0
4138,1440000,4140,87,3838,4,4141,1440000,4143,72,4144,1440000,4146,80,4146,0,4147,1440000,4149,77,4150,633600,4152,50,4152,2080740,4153,633600,4154,40,4054,0,4155,0,4156,0
4235,1440000,4237,90,3935,4,4237,1440000,4239,100,4239,1440000,4241,100,4241,0,4242,1440000,4243,100,4244,633600,4246,85,4246,2678970,4247,633600,4249,90,4154,0,4250,0,4256,0
4340,1440000,4342,90,4019,3,4342,1440000,4347,88,4347,1440000,4349,90,4349,0,4350,1440000,4352,83,4352,633600,4355,91,4356,2531174,4356,633600,4358,100,4249,0,4359,0,4360,0
4440,1440000,4443,100,4036,3,4443,1440000,4445,80,4445,1440000,4447,90,4448,0,4449,1440000,4450,70,4456,633600,4458,100,4459,2495107,4459,633600,4461,100,4359,0,4462,0,4462,0
4541,1440000,4542,77,4141,3,4543,1440000,4545,88,4546,1440000,4547,70,4548,0,4548,1440000,4550,54,4550,633600,4552,100,4552,2173440,4552,633600,4555,90,4461,0,4556,0,4556,0
4642,1440000,4644,70,4237,3,4644,1440000,4646,54,4647,1440000,4648,100,4649,0,4649,1440000,4654,55,4654,633600,4656,100,4656,2092835,4657,633600,4659,100,4555,0,4659,0,4660,0
4742,1440000,4744,66,4342,3,4745,1440000,4747,66,4747,1440000,4751,90,4752,0,4752,1440000,4758,70,4758,633600,4761,77,4762,2152036,4762,633600,4764,72,4659,0,4765,0,4765,0
4844,1440000,4846,100,4443,3,4846,1440000,4848,55,4849,1440000,4854,40,4855,0,4856,1440000,4858,63,4858,633600,4860,60,4860,1858692,4861,633600,4863,88,4764,0,4863,0,4864,0
4945,1440000,4947,54,4543,3,4947,1440000,4949,50,4951,1440000,4953,40,4955,0,4955,1440000,4958,33,4958,633600,4960,20,4960,1305730,4960,633600,4962,0,4863,0,4963,0,4963,0
5045,1440000,5047,50,4644,3,5047,1440000,5050,70,5051,1440000,5053,30,5054,0,5055,1440000,5057,20,5058,633600,5059,0,5059,1072224,5060,633600,5061,0,4962,0,5062,0,5062,0
5146,1440000,5148,50,4744,3,5149,1440000,5152,12,5152,1440000,5155,36,5156,0,5157,1440000,5159,25,5160,633600,5162,0,5162,775785,5163,633600,5165,0,5061,0,5166,0,5167,0
5247,1440000,5249,40,4846,3,5251,1440000,5253,27,5254,1440000,5255,36,5256,0,5257,1440000,5258,11,5259,633600,5260,0,5260,719020,5261,633600,5263,0,5166,0,5264,0,5264,0
5349,1440000,5351,20,4947,3,5352,1440000,5354,30,5354,1440000,5356,20,5357,0,5357,1440000,5359,0,5359,633600,5361,0,5361,441504,5362,633600,5363,0,5263,0,5364,0,5365,0
5450,1440000,5452,0,5047,3,5453,1440000,5455,12,5456,1440000,5458,12,5459,0,5459,1440000,5461,0,5462,633600,5463,0,5464,151372,5464,633600,5466,0,5363,0,5468,0,5469,0
5550,1440000,5554,27,5149,3,5555,1440000,5557,18,5558,1440000,5562,10,5563,0,5564,1440000,5567,0,5568,633600,5570,0,5570,346896,5570,633600,5572,0,5466,0,5573,0,5573,0
5651,1440000,5652,30,5250,3,5653,1440000,5654,22,5655,1248000,5657,27,5658,0,5658,1248000,5660,0,5661,633600,5663,0,5663,462623,5663,633600,5665,0,5572,0,5666,0,5667,0
5751,1440000,5753,20,5351,3,5753,1440000,5755,10,5756,1248000,5758,22,5759,0,5760,1248000,5762,0,5763,633600,5764,0,5765,298930,5765,633600,5767,0,5666,0,5768,0,5769,0
5853,1248000,5856,27,5452,3,5857,1248000,5860,20,5861,1248000,5863,20,5863,0,5864,1248000,5866,0,5867,633600,5869,0,5869,334129,5870,633600,5873,0,5767,0,5874,0,5875,0
5952,1440000,5954,12,5554,3,5955,1440000,5956,33,5957,1440000,5958,36,5959,0,5959,1440000,5961,0,5962,633600,5963,0,5964,510883,5964,633600,5965,0,5873,0,5966,0,5966,0
6053,1440000,6055,20,5652,3,6055,1440000,6057,18,6058,1248000,6060,0,6060,0,6061,1248000,6063,0,6063,633600,6066,0,6066,239673,6066,633600,6068,0,5966,0,6069,0,6070,0
6154,1248000,6156,22,5753,3,6157,1248000,6159,20,6160,1248000,6162,27,6163,0,6163,1248000,6165,0,6166,633600,6168,0,6168,344103,6169,633600,6170,0,6069,0,6172,0,6172,0
6255,1248000,6257,27,5856,3,6258,1248000,6261,27,6261,1248000,6263,20,6264,0,6265,1248000,6267,0,6268,633600,6270,0,6270,369038,6270,633600,6273,0,6171,0,6274,0,6275,0
6355,1248000,6358,20,5954,3,6359,1248000,6360,20,6361,1248000,6363,11,6364,0,6365,1248000,6367,0,6368,633600,6370,0,6370,254337,6370,633600,6372,0,6274,0,6373,0,6373,0
6457,1440000,6460,20,6023,4,6461,1440000,6463,22,6464,960000,6466,27,6467,0,6467,960000,6470,9,6470,633600,6472,0,6473,383097,6473,633600,6475,0,6372,0,6476,0,6476,0
6558,384000,6562,0,6055,4,6563,384000,6566,10,6568,384000,6572,22,6573,0,6574,384000,6579,0,6580,633600,6583,0,6584,27869,6584,633600,6587,0,6475,0,6588,0,6589,0
6659,384000,6663,30,6156,4,6665,384000,6670,30,6671,384000,6676,36,6678,0,6679,384000,6684,0,6686,633600,6690,0,6690,83607,6691,633600,6695,0,6587,0,6696,0,6697,0
6760,960000,6762,40,6257,4,6763,960000,6766,33,6767,960000,6769,37,6770,0,6771,960000,6774,0,6776,633600,6779,0,6779,361152,6780,633600,6782,0,6695,0,6784,0,6787,0
6860,787200,6863,25,6358,4,6864,787200,6866,27,6867,787200,6869,22,6871,0,6871,787200,6874,0,6875,633600,6880,0,6881,179092,6882,633600,6886,0,6783,0,6888,0,6888,0
6962,960000,6964,27,6460,4,6965,960000,6968,22,6968,960000,6970,36,6971,0,6972,960000,6975,0,6977,633600,6979,0,6980,279072,6980,633600,6983,0,6887,0,6984,0,6984,0
7063,460800,7066,12,6562,4,7068,460800,7071,36,7072,600000,7075,30,7076,0,7078,600000,7082,0,7083,633600,7087,0,7088,102161,7088,633600,7092,0,6983,0,7094,0,7095,0
7165,384000,7170,45,6664,4,7172,384000,7175,30,7176,460800,7180,40,7181,0,7182,460800,7186,0,7187,633600,7191,0,7192,109953,7192,633600,7196,0,7093,0,7197,0,7198,0
7266,384000,7270,40,6763,4,7272,384000,7276,30,7277,460800,7282,36,7285,0,7286,460800,7290,0,7291,633600,7295,0,7295,101135,7296,633600,7300,0,7196,0,7301,0,7302,0
7368,384000,7373,30,6863,4,7375,384000,7379,40,7380,460800,7385,40,7387,0,7388,460800,7393,9,7394,633600,7398,0,7398,115641,7399,633600,7402,0,7300,0,7403,0,7403,0
7469,960000,7474,25,6965,4,7476,384000,7480,30,7482,960000,7486,33,7488,0,7489,960000,7492,0,7492,633600,7495,0,7495,216552,7496,633600,7500,0,7402,0,7501,0,7502,0
7570,384000,7574,45,7029,3,7576,384000,7579,30,7581,460800,7586,10,7588,0,7589,460800,7593,10,7594,633600,7601,0,7602,87635,7603,633600,7606,0,7500,0,7607,0,7608,0
7670,1248000,7672,40,7067,3,7673,1248000,7675,60,7675,1248000,7677,12,7677,0,7678,1248000,7679,11,7680,633600,7681,0,7681,613401,7682,633600,7684,0,7606,0,7685,0,7685,0
7772,1440000,7775,33,7170,3,7775,1440000,7777,40,7777,1440000,7779,11,7779,0,7780,1440000,7782,20,7782,633600,7785,20,7786,691014,7786,633600,7788,0,7684,0,7789,0,7790,0
7871,1440000,7873,91,7270,3,7874,1440000,7875,55,7875,1440000,7876,66,7877,0,7877,1440000,7879,55,7879,633600,7880,44,7880,1761167,7881,633600,7882,50,7788,0,7883,0,7883,0
7972,1440000,7973,55,7373,3,7974,1440000,7975,30,7976,1440000,7977,70,7977,0,7978,1440000,7979,16,7979,633600,7981,100,7981,1341525,7981,633600,7983,100,7882,0,7984,0,7984,0
8073,1440000,8074,50,7475,3,8074,1440000,8076,44,8076,1440000,8077,33,8078,0,8078,1440000,8079,11,8079,633600,8081,90,8081,1203520,8081,633600,8083,100,7983,0,8084,0,8085,0
8173,1440000,8175,30,7575,3,8175,1440000,8176,22,8176,1440000,8178,30,8178,0,8179,1440000,8180,18,8180,633600,8182,0,8182,806049,8183,633600,8184,100,8083,0,8185,0,8186,0
8273,1248000,8275,33,7673,3,8275,1248000,8277,22,8277,1248000,8278,20,8279,0,8279,1248000,8283,18,8283,633600,8285,0,8286,639121,8286,633600,8288,100,8185,0,8289,0,8289,0
8374,1248000,8376,36,7775,3,8376,1248000,8377,11,8378,1248000,8379,33,8380,0,8380,1248000,8382,0,8382,633600,8384,0,8385,574290,8385,633600,8387,100,8288,0,8388,0,8388,0
8475,1248000,8477,45,7873,3,8477,1248000,8479,22,8479,1248000,8481,20,8482,0,8483,1248000,8484,18,8485,633600,8487,0,8487,698965,8488,633600,8490,18,8387,0,8490,0,8491,0
8576,1248000,8578,40,7974,3,8578,1248000,8580,22,8580,1248000,8583,27,8584,0,8585,1248000,8587,0,8588,633600,8590,0,8590,475403,8591,633600,8593,0,8490,0,8593,0,8594,0
8677,1248000,8679,45,8074,3,8680,1248000,8683,30,8684,1248000,8687,27,8688,0,8689,1248000,8691,10,8692,633600,8694,0,8694,558544,8694,633600,8698,0,8593,0,8699,0,8700,0
8778,1440000,8780,33,8175,3,8781,1440000,8782,22,8783,1440000,8784,12,8785,0,8785,1440000,8786,20,8787,633600,8788,0,8789,548726,8789,633600,8791,0,8699,0,8792,0,8792,0
8879,1248000,8881,20,8275,3,8882,1248000,8884,11,8884,1248000,8886,27,8886,0,8887,1248000,8888,9,8889,633600,8890,0,8890,334129,8891,633600,8892,0,8791,0,8893,0,8893,0
8979,1248000,8982,30,8376,3,8982,1248000,8984,20,8985,1248000,8986,20,8987,0,8988,1248000,8989,0,8989,633600,8991,0,8991,349090,8992,633600,8993,0,8893,0,8994,0,8994,0
9080,1440000,9082,11,8477,3,9083,1440000,9085,20,9085,1440000,9086,20,9087,0,9088,1440000,9089,0,9090,633600,9091,0,9091,321667,9092,633600,9093,0,8993,0,9094,0,9094,0
9182,1440000,9184,0,8578,3,9185,1440000,9187,25,9187,1440000,9189,27,9189,0,9190,1440000,9192,0,9192,633600,9193,0,9194,327974,9194,633600,9196,0,9093,0,9197,0,9198,0
9283,1248000,9285,22,8679,3,9286,1248000,9288,18,9289,1248000,9290,22,9291,0,9291,1248000,9293,0,9293,633600,9295,0,9296,309194,9296,633600,9298,0,9196,0,9299,0,9300,0
9383,1248000,9385,30,8780,3,9386,1248000,9388,30,9389,1440000,9391,27,9391,0,9392,1440000,9393,0,9394,633600,9397,0,9397,469514,9398,633600,9400,0,9298,0,9401,0,9402,0
9484,1440000,9486,44,8882,3,9487,1440000,9488,40,9489,1440000,9491,0,9492,0,9492,1440000,9494,0,9494,633600,9496,0,9496,529804,9497,633600,9501,0,9401,0,9502,0,9502,0
9585,1440000,9588,10,8982,3,9589,1248000,9592,30,9592,1248000,9594,20,9595,0,9596,1248000,9600,0,9600,633600,9606,0,9606,312422,9606,633600,9608,0,9501,0,9609,0,9610,0
9686,1440000,9687,44,9082,3,9688,1440000,9689,30,9690,1440000,9691,30,9692,0,9693,1440000,9694,0,9695,633600,9696,0,9697,655948,9697,633600,9699,0,9608,0,9699,0,9700,0
9786,1248000,9789,27,9184,3,9790,1248000,9792,10,9793,1248000,9795,0,9796,0,9797,1248000,9798,9,9799,633600,9801,0,9801,229402,9802,633600,9804,0,9699,0,9805,0,9806,0
9887,1248000,9890,12,9286,3,9890,1248000,9892,20,9893,1248000,9895,18,9896,0,9897,1248000,9898,0,9899,633600,9900,0,9900,249350,9901,633600,9902,0,9804,0,9903,0,9903,0
9988,1248000,9991,36,9385,3,9992,1248000,9994,30,9995,1248000,9997,0,9998,0,9999,1248000,10001,0,10002,633600,10003,0,10004,329142,10004,633600,10006,0,9902,0,10007,0,10008,0
10089,1440000,10091,0,9486,3,10092,1440000,10094,40,10095,1440000,10096,9,10097,0,10098,1440000,10100,0,10100,633600,10102,0,10102,309052,10102,633600,10103,0,10006,0,10104,0,10105,0
10190,1440000,10193,30,9589,3,10193,1440000,10196,33,10197,1440000,10200,11,10201,0,10201,1440000,10203,10,10204,633600,10206,0,10206,529804,10206,633600,10208,0,10103,0,10209,0,10209,0
10290,1440000,10292,40,9687,3,10292,1440000,10294,40,10294,1440000,10296,33,10296,0,10297,1440000,10299,37,10300,633600,10302,0,10302,946080,10302,633600,10304,0,10208,0,10304,0,10305,0
10391,1440000,10392,22,9789,3,10393,1440000,10394,11,10394,1440000,10396,30,10397,0,10397,1440000,10399,33,10400,633600,10401,0,10402,605491,10402,633600,10404,0,10304,0,10405,0,10405,0
10491,1248000,10493,20,9890,3,10494,1248000,10495,22,10496,1248000,10498,30,10499,0,10499,1248000,10501,11,10501,633600,10503,0,10503,413921,10504,633600,10505,0,10404,0,10506,0,10506,0
10592,1248000,10594,22,9991,3,10595,1248000,10596,11,10597,1248000,10599,22,10599,0,10600,1248000,10601,0,10602,633600,10603,0,10603,274285,10603,633600,10605,0,10505,0,10606,0,10606,0
10694,1248000,10696,0,10091,3,10696,1248000,10698,10,10698,1248000,10700,11,10701,0,10701,1248000,10703,0,10703,633600,10705,0,10705,104727,10705,633600,10707,0,10605,0,10708,0,10709,0
10794,1248000,10797,20,10193,3,10797,1248000,10799,20,10800,1248000,10802,27,10803,0,10804,1248000,10806,0,10806,633600,10808,0,10808,334129,10809,633600,10810,0,10708,0,10811,0,10812,0
10895,1248000,10897,11,10292,3,10898,1248000,10899,11,10900,1248000,10901,41,10902,0,10903,1248000,10904,0,10905,633600,10906,0,10906,314181,10907,633600,10909,0,10811,0,10910,0,10910,0
10995,1440000,10997,10,10392,3,10998,1440000,11000,27,11000,1440000,11002,27,11003,0,11003,1440000,11005,0,11005,633600,11007,0,11007,403660,11007,633600,11009,0,10909,0,11010,0,11010,0
11096,1440000,11098,11,10493,3,11098,1440000,11100,11,11100,1440000,11102,22,11103,0,11103,1440000,11105,0,11105,633600,11107,0,11107,277516,11107,633600,11109,0,11009,0,11110,0,11110,0
11196,1440000,11198,30,10594,3,11199,1440000,11201,27,11202,1440000,11204,30,11205,0,11206,1440000,11208,0,11208,633600,11210,0,11211,548726,11212,633600,11215,0,11109,0,11216,0,11216,0
11299,1440000,11301,33,10696,3,11302,1440000,11304,40,11305,1440000,11306,33,11307,0,11308,1440000,11310,10,11311,633600,11313,0,11313,731635,11313,633600,11316,0,11215,0,11317,0,11317,0
11401,1440000,11402,72,10797,3,11403,1440000,11404,70,11405,1440000,11407,80,11408,0,11408,1440000,11410,20,11411,633600,11412,37,11413,1591214,11413,633600,11415,0,11316,0,11415,0,11416,0
11501,1440000,11503,77,10897,3,11503,1440000,11505,81,11505,1440000,11507,70,11508,0,11508,1440000,11510,11,11510,633600,11513,60,11513,1612618,11513,633600,11515,10,11415,0,11516,0,11517,0
11601,1440000,11604,100,10998,3,11608,1440000,11615,90,11616,1440000,11618,75,11619,0,11619,1440000,11621,60,11622,633600,11624,40,11624,2137504,11625,633600,11628,33,11515,0,11628,0,11629,0
11701,1440000,11703,100,11042,4,11704,1440000,11705,100,11706,1440000,11707,100,11708,0,11708,1440000,11710,62,11710,633600,11711,77,11711,2476069,11712,633600,11713,100,11628,0,11717,0,11717,0
11752,1440000,11754,100,11098,4,11755,1440000,11757,100,11757,1440000,11759,100,11760,0,11777,1440000,11787,87,11787,633600,11793,100,11794,2791545,11796,633600,11804,100,11713,0,11805,0,11817,0
11852,1440000,11855,100,11199,4,11856,1440000,11862,100,11863,1440000,11865,100,11866,0,11867,1440000,11868,100,11869,633600,11870,100,11872,2873539,11872,633600,11878,100,11805,0,11878,0,11879,0
11953,1440000,11954,100,11302,4,11955,1440000,11956,100,11957,1440000,11959,88,11961,0,11962,1440000,11965,88,11965,633600,11968,100,11968,2722166,11969,633600,11976,100,11878,0,11976,0,11977,0
12053,1440000,12056,90,11402,4,12056,1440000,12058,100,12059,1440000,12061,90,12062,0,12063,1440000,12065,100,12065,633600,12067,100,12067,2747395,12068,633600,12069,100,11976,0,12070,0,12071,0
12154,1440000,12156,100,11503,4,12156,1440000,12158,100,12159,1440000,12161,100,12164,0,12164,1440000,12166,90,12167,633600,12169,100,12169,2810467,12169,633600,12171,100,12069,0,12172,0,12173,0
12255,1440000,12256,90,11608,4,12257,1440000,12259,63,12259,1440000,12261,100,12263,0,12263,1440000,12265,100,12266,633600,12268,100,12268,2577101,12268,633600,12271,100,12171,0,12272,0,12272,0
12355,1440000,12357,75,11703,4,12357,1440000,12359,60,12362,1440000,12363,100,12365,0,12365,1440000,12369,54,12369,633600,12371,100,12371,2173440,12371,633600,12373,100,12271,0,12374,0,12374,0
12455,1440000,12458,63,11754,4,12459,1440000,12465,60,12465,1440000,12468,36,12468,0,12469,1440000,12471,18,12471,633600,12473,100,12473,1467033,12473,633600,12475,100,12373,0,12475,0,12476,0
12556,1440000,12558,40,11855,4,12559,1440000,12562,33,12564,1440000,12567,50,12568,0,12568,1440000,12570,11,12571,633600,12573,100,12573,1195824,12573,633600,12575,100,12475,0,12576,0,12576,0
12656,1440000,12658,40,11955,4,12659,1440000,12662,40,12662,1440000,12664,12,12665,0,12666,1440000,12668,33,12668,633600,12670,100,12670,1139059,12670,633600,12672,100,12575,0,12673,0,12673,0
12758,1440000,12761,30,12052,3,12762,1440000,12764,20,12764,1440000,12766,27,12766,0,12767,1440000,12768,22,12769,633600,12770,100,12770,975072,12771,633600,12772,100,12672,0,12773,0,12773,0
12858,1440000,12860,33,12056,3,12862,1440000,12864,22,12865,1440000,12867,10,12868,0,12869,1440000,12871,0,12872,633600,12874,100,12874,760627,12874,633600,12876,60,12773,0,12877,0,12879,0
12959,1440000,12963,45,12156,3,12963,1440000,12965,30,12966,1440000,12968,25,12968,0,12969,1440000,12970,20,12971,633600,12972,100,12972,1037391,12973,633600,12974,0,12876,0,12975,0,12975,0
13060,960000,13062,30,12256,3,13063,960000,13065,22,13066,960000,13069,40,13070,0,13070,960000,13072,20,13073,633600,13074,100,13075,543048,13075,633600,13077,0,12974,0,13078,0,13079,0
13160,1248000,13162,77,12357,3,13163,1248000,13164,36,13165,1248000,13166,50,13167,0,13168,1248000,13169,10,13170,633600,13171,100,13171,1038082,13172,633600,13173,0,13078,0,13174,0,13175,0
13262,460800,13267,11,12458,3,13269,460800,13272,33,13274,460800,13280,25,13281,0,13282,600000,13285,0,13286,633600,13288,100,13289,252325,13289,633600,13292,0,13173,0,13295,0,13298,0
13362,864000,13364,44,12558,3,13365,864000,13368,14,13368,864000,13370,22,13371,0,13372,864000,13374,0,13375,633600,13378,100,13378,398449,13379,633600,13381,0,13292,0,13382,0,13383,0
13465,460800,13470,27,12658,3,13471,460800,13475,27,13477,460800,13481,36,13483,0,13484,672000,13489,0,13489,633600,13492,100,13492,275758,13493,633600,13496,0,13381,0,13497,0,13498,0
13565,384000,13570,37,12761,3,13571,384000,13576,22,13577,384000,13582,33,13583,0,13584,600000,13587,0,13588,633600,13591,100,13592,255453,13592,633600,13596,0,13496,0,13597,0,13598,0
13666,672000,13670,40,12861,3,13672,672000,13676,40,13677,672000,13680,33,13681,0,13682,787200,13685,16,13686,633600,13689,100,13689,430014,13689,633600,13692,0,13596,0,13693,0,13695,0
13767,460800,13771,33,12963,3,13773,600000,13782,50,13784,600000,13788,40,13790,0,13791,600000,13796,33,13802,633600,13806,100,13806,411413,13807,633600,13809,0,13692,0,13810,0,13811,0
13869,960000,13872,60,13062,3,13873,960000,13875,44,13876,960000,13878,50,13879,0,13880,1248000,13883,37,13884,633600,13888,100,13888,865461,13888,633600,13890,0,13809,0,13891,0,13891,0
13970,960000,13973,44,13162,3,13974,960000,13978,45,13979,960000,13982,40,13983,0,13983,960000,13985,22,13986,633600,13988,100,13989,671092,13989,633600,13991,9,13890,0,13994,0,13995,0
14071,384000,14075,50,13268,3,14076,384000,14081,30,14082,460800,14086,11,14087,0,14088,460800,14093,0,14094,633600,14099,100,14100,273057,14100,633600,14103,0,13991,0,14104,0,14105,0
14173,460800,14179,33,13365,3,14180,460800,14185,54,14186,460800,14189,27,14191,0,14192,460800,14195,0,14195,633600,14198,100,14198,302539,14199,633600,14201,0,14103,0,14202,0,14203,0
14274,960000,14277,40,13470,3,14280,960000,14283,25,14283,960000,14285,33,14286,0,14287,960000,14289,0,14289,633600,14291,100,14291,497083,14293,633600,14296,0,14202,0,14296,0,14297,0
14375,384000,14379,25,13570,3,14381,384000,14385,0,14387,384000,14392,0,14396,0,14397,960000,14401,0,14401,633600,14404,100,14405,197102,14405,633600,14407,0,14296,0,14409,0,14410,0
14477,384000,14481,50,13670,3,14482,460800,14485,30,14486,460800,14492,36,14495,0,14496,600000,14500,0,14501,633600,14505,72,14505,243430,14506,633600,14512,0,14408,0,14513,0,14515,0
14577,960000,14579,63,13771,3,14580,960000,14582,62,14583,960000,14586,50,14586,0,14587,960000,14589,20,14590,633600,14593,28,14593,689316,14593,633600,14596,0,14512,0,14597,0,14598,0
14678,960000,14683,30,13872,3,14684,384000,14688,20,14690,384000,14693,27,14694,0,14695,960000,14697,0,14698,633600,14700,0,14701,139428,14701,633600,14704,0,14596,0,14705,0,14706,0
14780,787200,14783,22,13973,3,14784,787200,14787,22,14788,787200,14792,22,14794,0,14796,787200,14799,0,14800,633600,14803,0,14804,159731,14805,633600,14808,0,14704,0,14810,0,14811,0
14880,960000,14882,45,14076,3,14883,960000,14885,33,14886,960000,14890,46,14894,0,14895,1248000,14898,0,14898,633600,14900,0,14901,407116,14901,633600,14903,0,14809,0,14904,0,14905,0
14981,1440000,14983,33,14179,3,14984,1440000,14987,50,14989,1440000,14994,27,14995,0,14995,1440000,14997,0,14997,633600,15000,0,15001,693792,15001,633600,15003,0,14904,0,15003,0,15004,0
15082,384000,15086,40,14278,3,15088,384000,15092,10,15093,384000,15097,11,15099,0,15100,460800,15103,0,15105,633600,15108,0,15109,53125,15110,633600,15114,0,15003,0,15115,0,15116,0
15183,460800,15187,33,14380,3,15188,460800,15192,45,15194,460800,15200,36,15201,0,15202,600000,15206,10,15207,633600,15212,0,15212,143409,15213,633600,15216,0,15114,0,15218,0,15219,0
15284,600000,15288,40,14481,3,15289,600000,15292,40,15294,600000,15297,11,15299,0,15300,600000,15304,0,15305,633600,15310,0,15310,147420,15311,633600,15314,0,15216,0,15315,0,15316,0
15386,384000,15390,30,14580,3,15392,384000,15397,50,15398,384000,15402,36,15404,0,15405,384000,15410,0,15410,633600,15414,0,15415,101025,15415,633600,15418,0,15314,0,15420,0,15420,0
15486,864000,15489,40,14683,3,15489,864000,15492,25,15492,864000,15495,25,15496,0,15496,864000,15499,0,15500,633600,15505,10,15506,268542,15506,633600,15509,0,15419,0,15510,0,15511,0
15588,384000,15593,30,14783,3,15595,460800,15599,36,15600,460800,15605,20,15607,0,15608,460800,15615,0,15615,633600,15618,0,15618,88616,15619,633600,15622,0,15509,0,15622,0,15623,0
15690,384000,15695,33,14882,3,15696,384000,15701,33,15702,460800,15706,30,15708,0,15709,460800,15714,0,15716,633600,15722,0,15722,90956,15723,633600,15726,0,15622,0,15727,0,15728,0
15792,384000,15797,50,14983,3,15798,384000,15803,40,15804,460800,15809,30,15810,0,15812,600000,15817,0,15818,633600,15821,0,15822,111858,15822,633600,15825,0,15726,0,15826,0,15828,0
15892,787200,15895,30,15058,4,15896,787200,15899,50,15900,787200,15905,40,15907,0,15908,787200,15912,0,15913,633600,15915,0,15915,290420,15916,633600,15918,0,15825,0,15919,0,15920,0
15993,600000,15997,30,15087,4,15998,600000,16002,20,16003,600000,16008,30,16009,0,16010,672000,16013,0,16013,633600,16016,0,16016,129600,16017,633600,16019,0,15918,0,16020,0,16021,0
16093,864000,16095,30,15187,4,16096,864000,16098,20,16098,864000,16100,33,16101,0,16101,864000,16104,10,16104,633600,16107,0,16107,259376,16107,633600,16110,0,16020,0,16112,0,16113,0
16194,960000,16197,30,15288,4,16197,960000,16199,27,16200,960000,16202,30,16203,0,16204,960000,16206,0,16207,633600,16210,0,16210,285638,16210,633600,16214,0,16111,0,16215,0,16216,0
16295,960000,16298,22,15391,4,16298,960000,16300,12,16301,960000,16303,40,16304,0,16305,960000,16308,0,16308,633600,16311,0,16312,242956,16312,633600,16315,0,16214,0,16316,0,16318,0
16396,1248000,16401,20,15489,4,16402,384000,16407,18,16408,384000,16412,40,16414,0,16416,384000,16419,0,16420,633600,16423,0,16423,150253,16424,633600,16429,0,16315,0,16430,0,16431,0
16497,384000,16501,30,15594,4,16503,384000,16507,33,16509,384000,16513,50,16515,0,16518,960000,16521,0,16521,633600,16524,0,16525,98413,16525,633600,16528,0,16429,0,16529,0,16529,0
16597,960000,16600,22,15695,4,16600,960000,16602,22,16603,960000,16605,30,16605,0,16606,960000,16608,0,16609,633600,16612,0,16612,242956,16613,633600,16615,0,16528,0,16616,0,16616,0
16699,600000,16704,27,15797,4,16705,600000,16708,30,16709,600000,16713,30,16714,0,16716,672000,16719,0,16722,633600,16727,0,16728,140940,16734,633600,16739,0,16615,0,16741,0,16743,0
16799,1248000,16802,66,15896,4,16802,1248000,16804,45,16804,1248000,16806,44,16806,0,16807,1248000,16808,0,16809,633600,16811,0,16811,772986,16811,633600,16813,0,16739,0,16814,0,16815,0
16900,1440000,16903,40,15997,4,16904,1440000,16908,22,16909,1440000,16912,20,16913,0,16913,1440000,16915,0,16916,633600,16918,0,16918,517190,16919,633600,16921,0,16813,0,16922,0,16922,0
17001,1440000,17003,50,16061,3,17003,1440000,17005,20,17006,1440000,17007,30,17008,0,17008,1440000,17010,0,17011,633600,17012,0,17013,630720,17013,633600,17015,0,16921,0,17016,0,17018,0
17101,1440000,17104,11,16095,3,17105,1440000,17107,20,17108,1440000,17110,30,17111,0,17112,1440000,17114,0,17114,633600,17116,0,17116,384739,17116,633600,17118,0,17015,0,17119,0,17120,0
17203,1440000,17207,20,16197,3,17208,384000,17212,20,17213,384000,17218,40,17219,0,17220,384000,17224,9,17225,633600,17229,0,17230,186236,17231,633600,17234,0,17119,0,17236,0,17237,0
17303,1248000,17308,22,16298,3,17310,384000,17314,27,17315,384000,17319,33,17320,0,17322,384000,17324,0,17325,633600,17327,0,17328,161968,17328,633600,17331,0,17235,0,17333,0,17333,0
17403,960000,17406,27,16402,3,17406,960000,17409,22,17410,960000,17412,36,17414,0,17415,960000,17417,10,17418,633600,17420,0,17420,311904,17421,633600,17423,0,17332,0,17425,0,17426,0
17505,460800,17509,11,16502,3,17510,460800,17513,27,17514,460800,17518,33,17520,0,17520,460800,17524,0,17525,633600,17528,0,17528,79227,17529,633600,17532,0,17424,0,17533,0,17535,0
17606,960000,17609,27,16600,3,17610,960000,17612,30,17613,960000,17616,40,17618,0,17619,960000,17621,0,17622,633600,17625,0,17625,318470,17626,633600,17628,0,17532,0,17629,0,17630,0
17707,600000,17711,12,16704,3,17712,600000,17715,12,17716,600000,17719,40,17720,0,17721,600000,17724,0,17725,633600,17728,0,17728,103679,17729,633600,17732,0,17629,0,17733,0,17733,0
17809,960000,17811,30,16802,3,17812,960000,17815,36,17816,960000,17818,27,17820,0,17820,960000,17824,0,17825,633600,17828,0,17828,305337,17828,633600,17830,0,17732,0,17832,0,17832,0
17910,960000,17913,40,16904,3,17914,960000,17916,33,17917,960000,17919,30,17920,0,17920,960000,17923,0,17925,633600,17927,0,17927,338169,17928,633600,17930,0,17830,0,17930,0,17931,0
18011,672000,18014,22,17003,3,18015,672000,18018,30,18018,672000,18021,0,18022,0,18023,672000,18027,0,18028,633600,18030,0,18031,99380,18032,633600,18034,0,17930,0,18035,0,18036,0
18112,864000,18114,45,17064,4,18115,864000,18117,22,18118,864000,18120,22,18121,0,18121,864000,18124,10,18124,633600,18127,0,18127,276110,18128,633600,18130,0,18035,0,18131,0,18132,0
18213,787200,18217,11,17104,4,18219,384000,18222,36,18223,384000,18228,10,18229,0,18230,384000,18233,0,18234,633600,18236,0,18236,66683,18236,633600,18238,0,18130,0,18239,0,18240,0
18314,960000,18317,22,17207,4,18318,960000,18320,33,18321,960000,18323,30,18324,0,18325,960000,18328,0,18328,633600,18331,0,18331,279072,18332,633600,18334,0,18238,0,18335,0,18336,0
18415,787200,18419,11,17309,4,18420,787200,18422,33,18423,787200,18426,18,18428,0,18428,787200,18432,0,18433,633600,18435,0,18436,150050,18436,633600,18439,0,18334,0,18440,0,18441,0
18516,1440000,18518,40,17406,4,18519,1440000,18520,50,18521,1440000,18522,62,18523,0,18524,1440000,18526,0,18526,633600,18528,0,18528,958694,18528,633600,18530,0,18439,0,18531,0,18531,0
18617,1440000,18621,20,17509,4,18623,384000,18628,30,18629,384000,18634,9,18636,0,18639,960000,18643,0,18644,633600,18647,0,18647,160109,18649,633600,18652,0,18530,0,18654,0,18656,0
18718,864000,18721,50,17609,4,18722,864000,18725,30,18726,864000,18728,12,18729,0,18730,864000,18733,0,18734,633600,18737,0,18737,256587,18738,633600,18742,0,18653,0,18743,0,18745,0
18818,1440000,18820,54,17712,4,18820,1440000,18823,30,18823,1440000,18825,50,18826,0,18826,1440000,18828,0,18828,633600,18829,0,18830,845164,18830,633600,18831,0,18742,0,18832,0,18833,0
18919,1440000,18921,33,17812,4,18922,1440000,18924,10,18924,1440000,18926,27,18927,0,18927,1440000,18929,0,18929,633600,18931,0,18931,441504,18932,633600,18933,0,18832,0,18934,0,18934,0
19020,1440000,19022,18,17913,4,19023,1440000,19024,10,19025,1440000,19027,30,19027,0,19028,1440000,19029,10,19030,633600,19031,0,19032,428889,19032,633600,19034,0,18933,0,19035,0,19035,0
19121,864000,19125,36,18014,4,19126,384000,19130,27,19131,384000,19135,27,19137,0,19138,384000,19140,0,19141,633600,19143,0,19143,147432,19144,633600,19145,0,19034,0,19146,0,19147,0
19221,960000,19224,0,18070,3,19225,960000,19229,28,19230,384000,19234,0,19236,0,19236,384000,19240,0,19242,633600,19246,0,19246,91929,19247,633600,19249,0,19146,0,19249,0,19250,0
19322,960000,19325,20,18114,3,19325,960000,19327,36,19328,960000,19330,20,19331,0,19331,960000,19333,0,19334,633600,19336,0,19336,249523,19336,633600,19339,0,19249,0,19340,0,19340,0
19423,672000,19427,27,18218,3,19428,672000,19431,40,19432,672000,19435,11,19436,0,19437,600000,19441,0,19443,633600,19449,0,19452,149071,19453,633600,19455,0,19339,0,19455,0,19456,0
19524,1248000,19525,50,18317,3,19526,1248000,19528,60,19528,1248000,19530,50,19530,0,19531,1248000,19533,33,19533,633600,19535,0,19535,962492,19535,633600,19537,0,19455,0,19538,0,19538,0
19625,1248000,19629,0,18419,3,19630,384000,19634,36,19635,384000,19639,10,19641,0,19642,384000,19644,0,19645,633600,19647,0,19647,40061,19647,633600,19650,0,19537,0,19652,0,19653,0
19725,672000,19728,22,18518,3,19729,672000,19732,33,19732,672000,19736,20,19737,0,19738,384000,19743,0,19744,633600,19746,0,19747,143337,19747,633600,19749,0,19650,0,19750,0,19751,0
19826,600000,19830,20,18622,3,19831,600000,19834,40,19835,600000,19837,20,19838,0,19839,600000,19842,0,19843,633600,19846,0,19847,129600,19847,633600,19850,0,19749,0,19851,0,19852,0
19928,787200,19930,33,18721,3,19931,787200,19934,40,19934,787200,19937,30,19938,0,19939,787200,19941,0,19942,633600,19944,0,19945,249277,19945,633600,19947,0,19850,0,19948,0,19949,0
20029,960000,20031,25,18820,3,20032,960000,20034,22,20035,960000,20036,11,20037,0,20038,960000,20040,0,20040,633600,20042,0,20043,190425,20043,633600,20046,0,19948,0,20047,0,20047,0
20130,960000,20132,30,18921,3,20133,960000,20135,30,20136,960000,20139,18,20140,0,20141,960000,20144,0,20144,633600,20147,0,20147,256089,20148,633600,20150,0,20046,0,20151,0,20152,0
20230,1248000,20232,36,19022,3,20233,1248000,20234,44,20235,1248000,20237,37,20238,0,20238,1248000,20240,0,20240,633600,20242,0,20242,583479,20243,633600,20244,0,20150,0,20245,0,20246,0
20331,960000,20333,22,19084,4,20334,960000,20336,20,20337,960000,20339,18,20340,0,20340,960000,20342,0,20343,633600,20345,0,20345,196992,20346,633600,20348,0,20245,0,20349,0,20349,0
20432,787200,20435,40,19125,4,20436,787200,20438,40,20439,787200,20442,11,20443,0,20443,787200,20446,0,20446,633600,20449,0,20449,220235,20450,633600,20452,0,20348,0,20453,0,20454,0
20534,787200,20537,22,19224,4,20537,787200,20540,27,20540,787200,20543,20,20544,0,20545,787200,20547,9,20548,633600,20550,0,20551,188773,20552,633600,20554,0,20453,0,20555,0,20555,0
20635,960000,20637,33,19325,4,20638,960000,20641,33,20641,960000,20643,10,20644,0,20645,960000,20647,44,20647,633600,20649,0,20650,393984,20650,633600,20652,0,20554,0,20653,0,20654,0
20736,672000,20740,22,19427,4,20741,672000,20744,40,20745,672000,20747,30,20749,0,20749,672000,20752,0,20753,633600,20756,0,20756,175827,20757,633600,20759,0,20652,0,20760,0,20761,0
20837,787200,20840,40,19526,4,20841,787200,20843,36,20844,787200,20846,10,20847,0,20848,787200,20850,0,20851,633600,20854,0,20854,208134,20856,633600,20858,0,20759,0,20859,0,20859,0
20938,960000,20940,44,19629,4,20942,960000,20944,20,20944,960000,20946,0,20947,0,20948,960000,20950,9,20950,633600,20952,0,20953,239673,20953,633600,20955,0,20858,0,20956,0,20957,0
21039,787200,21042,45,19729,4,21043,787200,21045,30,21046,787200,21048,11,21049,0,21050,787200,21052,0,21053,633600,21056,0,21056,208134,21057,633600,21059,0,20956,0,21061,0,21063,0
21141,960000,21143,44,19830,4,21145,960000,21149,0,21150,384000,21154,25,21156,0,21157,384000,21160,0,21160,633600,21163,0,21163,166233,21163,633600,21166,0,21060,0,21166,0,21167,0
21242,960000,21244,22,19931,4,21245,960000,21247,20,21247,960000,21249,25,21250,0,21251,960000,21253,0,21254,633600,21257,0,21258,219974,21258,633600,21260,0,21166,0,21262,0,21262,0
21342,960000,21345,30,20031,4,21345,960000,21348,0,21348,960000,21350,40,21352,0,21352,960000,21354,0,21355,633600,21357,0,21357,229824,21358,633600,21360,0,21261,0,21361,0,21361,0
21443,960000,21447,11,20095,3,21447,960000,21450,27,21452,960000,21456,36,21458,0,21459,384000,21464,0,21466,633600,21469,0,21469,242956,21470,633600,21473,0,21360,0,21474,0,21475,0
21544,960000,21546,36,20132,3,21547,960000,21549,41,21550,960000,21552,44,21553,0,21556,960000,21558,10,21558,633600,21559,10,21560,447632,21560,633600,21562,0,21473,0,21562,0,21563,0
21644,1440000,21646,87,20232,3,21648,1440000,21651,77,21651,1440000,21654,80,21655,0,21656,1440000,21658,11,21658,633600,21660,50,21660,1696000,21660,633600,21662,55,21562,0,21663,0,21664,0
21746,1440000,21749,100,20334,3,21751,1440000,21753,50,21753,1440000,21755,60,21756,0,21756,1440000,21758,9,21759,633600,21761,25,21761,1521540,21761,633600,21763,27,21663,0,21764,0,21764,0
21846,1440000,21848,70,20435,3,21849,1440000,21850,50,21850,1440000,21852,37,21853,0,21853,1440000,21855,0,21855,633600,21857,10,21857,1055102,21858,633600,21859,0,21763,0,21860,0,21861,0
21947,1440000,21960,100,20537,3,21962,1440000,21964,44,21964,1440000,21966,36,21967,0,21967,1440000,21969,0,21969,633600,21971,8,21971,1149322,21972,633600,21973,0,21859,0,21973,0,21974,0
22008,1440000,22009,100,20638,3,22010,1440000,22012,40,22013,1440000,22014,25,22015,0,22015,1440000,22017,0,22018,633600,22020,0,22020,1040688,22021,633600,22023,0,21973,0,22023,0,22024,0
22109,1440000,22111,72,20740,3,22112,1440000,22114,27,22114,1440000,22116,20,22117,0,22118,1440000,22121,0,22122,633600,22124,0,22124,750556,22125,633600,22126,0,22023,0,22127,0,22127,0
22210,1440000,22212,22,20840,3,22213,1440000,22215,30,22216,1440000,22218,25,22219,0,22220,1440000,22222,0,22222,633600,22224,0,22224,485654,22225,633600,22227,0,22126,0,22227,0,22228,0
22310,1440000,22313,22,20941,3,22314,1440000,22316,11,22317,1440000,22322,12,22324,0,22324,1440000,22326,0,22327,633600,22329,0,22329,283824,22330,633600,22331,0,22227,0,22332,0,22333,0
22411,1440000,22414,30,21042,3,22415,1440000,22417,18,22417,1440000,22422,18,22423,0,22424,1440000,22426,0,22426,633600,22428,0,22428,416275,22428,633600,22430,0,22332,0,22431,0,22431,0
22513,960000,22517,27,21144,3,22518,960000,22520,20,22521,960000,22523,11,22524,0,22525,960000,22527,0,22528,633600,22530,0,22530,190425,22531,633600,22533,0,22430,0,22534,0,22535,0
22615,600000,22618,22,21244,3,22620,600000,22623,30,22624,600000,22627,36,22629,0,22630,600000,22635,9,22636,633600,22640,0,22640,157140,22641,633600,22643,0,22534,0,22644,0,22645,0
22718,460800,22723,22,21345,3,22724,460800,22729,40,22730,460800,22735,30,22737,0,22739,960000,22742,0,22743,633600,22746,0,22747,102660,22747,633600,22749,0,22643,0,22751,0,22751,0
22819,600000,22825,22,21447,3,22826,600000,22829,55,22830,600000,22833,36,22834,0,22835,600000,22840,0,22840,633600,22843,0,22843,183060,22844,633600,22846,0,22750,0,22847,0,22847,0
22919,460800,22923,40,21546,3,22925,460800,22928,45,22929,460800,22934,33,22935,0,22936,600000,22939,0,22940,633600,22943,0,22943,131673,22944,633600,22947,0,22846,0,22948,0,22949,0
23021,384000,23026,30,21647,3,23028,384000,23033,11,23034,384000,23040,20,23042,0,23043,960000,23047,0,23048,633600,23050,0,23050,53125,23051,633600,23053,0,22947,0,23054,0,23055,0
23121,600000,23125,44,21750,3,23126,600000,23129,40,23131,384000,23135,22,23137,0,23138,460800,23143,10,23144,633600,23147,0,23148,166398,23148,633600,23152,0,23054,0,23153,0,23154,0
23222,460800,23225,30,21848,3,23227,460800,23230,45,23232,460800,23237,22,23239,0,23240,600000,23244,0,23245,633600,23249,0,23249,108239,23250,633600,23256,0,23152,0,23257,0,23257,0
23323,460800,23327,45,21962,3,23328,460800,23332,12,23333,460800,23340,30,23342,0,23343,460800,23347,10,23348,633600,23351,0,23353,108239,23354,633600,23357,0,23256,0,23358,0,23358,0
23425,600000,23428,37,22010,3,23430,600000,23435,30,23437,600000,23441,30,23443,0,23443,600000,23448,0,23448,633600,23450,0,23451,157140,23453,633600,23456,0,23357,0,23457,0,23457,0
23526,384000,23532,40,22087,4,23533,460800,23538,30,23540,460800,23545,20,23546,0,23548,600000,23552,0,23554,633600,23559,0,23560,90630,23560,633600,23564,0,23456,0,23565,0,23566,0
23627,384000,23632,55,22111,4,23633,460800,23639,30,23640,460800,23644,25,23646,0,23647,460800,23652,0,23654,633600,23657,0,23657,109273,23658,633600,23661,0,23564,0,23662,0,23663,0
23729,1248000,23731,36,22213,4,23732,1248000,23733,37,23735,1248000,23737,60,23737,0,23738,1248000,23740,0,23740,633600,23742,0,23742,663272,23743,633600,23744,0,23661,0,23745,0,23746,0
23829,960000,23832,22,22313,4,23833,960000,23836,45,23837,960000,23839,20,23840,0,23842,960000,23844,9,23845,633600,23848,0,23848,315187,23849,633600,23851,0,23745,0,23852,0,23853,0
23930,1440000,23933,20,22414,4,23934,1440000,23936,100,23936,1440000,23938,20,23939,0,23940,1440000,23942,0,23943,633600,23945,0,23945,883008,23946,633600,23947,0,23851,0,23948,0,23949,0
24031,1440000,24034,0,22517,4,24036,1440000,24038,100,24039,1440000,24041,20,24042,0,24043,1440000,24045,0,24046,633600,24048,0,24049,756864,24049,633600,24051,0,23948,0,24052,0,24052,0
24132,1440000,24134,10,22618,4,24135,1440000,24137,100,24137,1440000,24139,22,24140,0,24140,1440000,24143,0,24143,633600,24146,0,24146,832550,24146,633600,24149,0,24051,0,24149,0,24150,0
24233,1440000,24236,0,22723,4,24237,1440000,24240,100,24241,1440000,24243,25,24244,0,24245,1440000,24248,0,24249,633600,24252,0,24252,788400,24253,633600,24255,0,24149,0,24256,0,24257,0
24333,1440000,24336,33,22825,4,24336,1440000,24338,90,24339,1440000,24340,70,24341,0,24341,1440000,24343,22,24343,633600,24344,0,24345,1356048,24345,633600,24347,0,24255,0,24347,0,24348,0
24434,1440000,24437,33,22923,4,24438,1440000,24441,90,24441,1440000,24446,22,24446,0,24447,1440000,24449,9,24449,633600,24451,0,24451,971308,24452,633600,24453,0,24347,0,24454,0,24455,0
24535,1440000,24536,45,23027,4,24537,1440000,24538,90,24539,1440000,24541,27,24542,0,24542,1440000,24544,0,24545,633600,24548,0,24548,1021766,24549,633600,24551,0,24454,0,24553,0,24554,0
24635,1440000,24637,85,23126,4,24638,1440000,24640,30,24640,1440000,24642,11,24643,0,24644,1440000,24647,10,24648,633600,24649,0,24649,857779,24650,633600,24651,0,24551,0,24652,0,24652,0
24736,1440000,24738,80,23226,4,24739,1440000,24740,40,24741,1440000,24744,12,24745,0,24746,1440000,24747,0,24748,633600,24750,0,24751,832550,24751,633600,24754,0,24651,0,24755,0,24755,0
24837,1440000,24839,50,23327,4,24840,1440000,24842,54,24843,1440000,24845,30,24845,0,24846,1440000,24849,10,24849,633600,24851,0,24851,908236,24852,633600,24853,0,24754,0,24854,0,24855,0
24937,1440000,24939,70,23429,4,24940,1440000,24942,25,24942,1440000,24944,40,24944,0,24945,1440000,24948,0,24949,633600,24951,0,24951,851472,24952,633600,24956,0,24853,0,24957,0,24958,0
25038,1440000,25040,83,23532,4,25041,1440000,25042,50,25042,1440000,25044,30,25045,0,25045,1440000,25047,10,25047,633600,25049,0,25049,1091145,25049,633600,25051,0,24956,0,25051,0,25052,0
25139,1440000,25142,66,23632,4,25142,1440000,25145,44,25145,1440000,25147,30,25148,0,25149,1440000,25151,0,25152,633600,25155,0,25155,883008,25156,633600,25159,0,25051,0,25160,0,25160,0
25240,1440000,25242,30,23731,4,25242,1440000,25244,45,25245,1440000,25246,30,25247,0,25247,1440000,25249,63,25250,633600,25252,0,25252,1059609,25253,633600,25256,0,25159,0,25257,0,25258,0
25340,1440000,25343,12,23833,4,25344,1440000,25346,37,25346,1440000,25349,20,25350,0,25350,1440000,25354,81,25355,633600,25357,0,25358,946080,25359,633600,25363,0,25256,0,25364,0,25364,0
25441,1440000,25443,36,23933,4,25444,1440000,25445,41,25446,1440000,25447,90,25448,0,25449,1440000,25450,0,25451,633600,25453,0,25453,1053302,25455,633600,25457,0,25363,0,25457,0,25458,0
25542,1440000,25544,25,24035,4,25544,1440000,25546,22,25546,1440000,25548,30,25549,0,25549,1440000,25551,88,25551,633600,25553,0,25553,1040688,25554,633600,25556,0,25457,0,25557,0,25558,0
25642,1440000,25644,27,24134,4,25645,1440000,25646,20,25646,1440000,25648,11,25649,0,25649,1440000,25651,83,25651,633600,25654,0,25655,889315,25656,633600,25658,0,25556,0,25659,0,25659,0
25743,1440000,25745,40,24236,4,25746,1440000,25748,50,25748,1440000,25750,22,25751,0,25752,1440000,25753,81,25754,633600,25756,9,25756,1233069,25756,633600,25758,0,25658,0,25759,0,25760,0
25844,1440000,25847,30,24322,3,25847,1440000,25850,11,25850,1440000,25853,33,25855,0,25855,1440000,25859,90,25860,633600,25862,0,25862,1034380,25863,633600,25865,0,25759,0,25866,0,25866,0
25945,1440000,25947,11,24336,3,25948,1440000,25950,30,25951,1440000,25953,22,25954,0,25954,1440000,25957,100,25957,633600,25959,0,25960,1028073,25960,633600,25962,0,25865,0,25963,0,25964,0
26046,1440000,26049,18,24437,3,26049,1440000,26051,10,26053,1440000,26055,20,26056,0,26056,1440000,26059,100,26059,633600,26061,0,26061,933465,26062,633600,26063,0,25962,0,26064,0,26065,0
26146,1440000,26148,33,24536,3,26148,1440000,26150,100,26151,1440000,26152,33,26153,0,26153,1440000,26155,11,26156,633600,26157,10,26157,1133907,26158,633600,26159,0,26064,0,26160,0,26160,0
26247,1440000,26249,30,24637,3,26249,1440000,26251,100,26252,1440000,26254,36,26254,0,26255,1440000,26256,0,26257,633600,26258,0,26258,1046995,26259,633600,26260,0,26160,0,26261,0,26262,0
26347,1440000,26349,33,24738,3,26350,1440000,26352,100,26352,1440000,26354,36,26355,0,26355,1440000,26357,0,26357,633600,26359,0,26359,1065916,26360,633600,26361,0,26260,0,26362,0,26363,0
26448,1440000,26450,70,24839,3,26451,1440000,26453,44,26453,1440000,26455,33,26455,0,26456,1440000,26457,0,26458,633600,26459,0,26459,927158,26460,633600,26461,0,26362,0,26462,0,26462,0
26549,1440000,26551,100,24939,3,26551,1440000,26553,11,26554,1440000,26556,20,26556,0,26557,1440000,26558,0,26559,633600,26560,0,26561,826243,26561,633600,26563,0,26461,0,26563,0,26564,0
26650,1440000,26652,60,25040,3,26652,1440000,26654,70,26655,1440000,26657,40,26658,0,26659,1440000,26660,0,26661,633600,26663,0,26663,1072224,26663,633600,26665,0,26563,0,26666,0,26666,0
26750,1440000,26752,54,25142,3,26753,1440000,26756,100,26757,1440000,26759,41,26761,0,26761,1440000,26765,9,26766,633600,26769,0,26769,1286668,26770,633600,26775,0,26665,0,26776,0,26777,0
26850,1440000,26852,60,25242,3,26853,1440000,26855,100,26856,1440000,26858,22,26859,0,26859,1440000,26861,20,26862,633600,26864,10,26865,1291587,26866,633600,26868,0,26775,0,26869,0,26869,0
26951,1440000,26953,40,25343,3,26954,1440000,26956,100,26956,1440000,26958,27,26959,0,26960,1440000,26962,100,26962,633600,26964,0,26964,1684022,26964,633600,26966,0,26868,0,26967,0,26967,0
27052,1440000,27054,40,25443,3,27054,1440000,27056,100,27057,1440000,27058,30,27059,0,27059,1440000,27061,45,27062,633600,27063,9,27063,1371827,27064,633600,27065,0,26966,0,27066,0,27066,0
27153,1440000,27155,55,25544,3,27155,1440000,27157,100,27157,1440000,27159,60,27160,0,27160,1440000,27162,27,27163,633600,27164,0,27164,1526342,27165,633600,27166,0,27065,0,27167,0,27168,0
27254,1440000,27256,33,25644,3,27256,1440000,27258,100,27258,1440000,27260,10,27260,0,27261,1440000,27263,0,27263,633600,27266,0,27266,901929,27266,633600,27268,0,27167,0,27269,0,27269,0
27354,1440000,27356,33,25746,3,27356,1440000,27358,100,27358,1440000,27359,30,27360,0,27360,1440000,27363,10,27363,633600,27367,0,27367,1091145,27369,633600,27373,0,27268,0,27374,0,27375,0
27455,1440000,27457,33,25847,3,27458,1440000,27459,100,27460,1440000,27463,30,27465,0,27466,1440000,27467,10,27468,633600,27469,0,27470,1091145,27470,633600,27473,0,27373,0,27473,0,27474,0
27556,1440000,27559,77,25948,3,27559,1440000,27561,72,27562,1440000,27564,60,27565,0,27566,1440000,27568,100,27568,633600,27570,20,27570,1983990,27571,633600,27574,18,27473,0,27575,0,27575,0
27656,1440000,27658,44,26049,3,27658,1440000,27660,50,27660,1440000,27662,40,27663,0,27663,1440000,27666,100,27666,633600,27668,30,27669,1560043,27669,633600,27671,0,27574,0,27672,0,27672,0
27758,1440000,27760,54,26148,3,27761,1440000,27763,70,27764,1440000,27767,60,27768,0,27769,1440000,27770,100,27771,633600,27774,10,27774,1808777,27775,633600,27777,9,27671,0,27778,0,27778,0
27859,1440000,27861,50,26249,3,27861,1440000,27863,50,27864,1440000,27867,40,27868,0,27868,1440000,27870,100,27871,633600,27874,0,27875,1529507,27875,633600,27877,0,27777,0,27878,0,27878,0
27960,1440000,27962,66,26349,3,27963,1440000,27967,40,27967,1440000,27970,44,27970,0,27972,1440000,27976,100,27976,633600,27978,0,27978,1576800,27979,633600,27981,0,27877,0,27983,0,27984,0
28061,1440000,28063,100,26450,3,28064,1440000,28068,55,28069,1440000,28071,33,28072,0,28072,1440000,28075,30,28076,633600,28078,0,28078,1374969,28079,633600,28080,0,27983,0,28081,0,28082,0
28161,1440000,28163,80,26551,3,28163,1440000,28167,77,28168,1440000,28170,55,28170,0,28171,1440000,28173,88,28174,633600,28176,20,28176,1927225,28176,633600,28178,11,28080,0,28178,0,28179,0
28261,1440000,28263,66,26652,3,28265,1440000,28267,44,28268,1440000,28270,45,28271,0,28271,1440000,28273,100,28274,633600,28276,0,28276,1627622,28276,633600,28278,0,28178,0,28279,0,28279,0
28362,1440000,28364,50,26753,3,28365,1440000,28367,30,28367,1440000,28368,11,28369,0,28370,1440000,28372,100,28372,633600,28374,0,28374,1204675,28374,633600,28376,0,28278,0,28377,0,28377,0
28463,1440000,28465,45,26852,3,28465,1440000,28467,27,28468,1440000,28469,11,28470,0,28470,1440000,28472,100,28472,633600,28474,0,28474,1154217,28474,633600,28476,0,28376,0,28477,0,28477,0
28564,1440000,28566,36,26953,3,28566,1440000,28568,22,28569,1440000,28570,11,28571,0,28571,1440000,28573,100,28573,633600,28575,0,28575,1065916,28576,633600,28578,0,28476,0,28579,0,28579,0
28664,1440000,28666,40,27054,3,28667,1440000,28668,40,28669,1440000,28670,22,28671,0,28671,1440000,28673,100,28673,633600,28675,10,28675,1291587,28675,633600,28677,0,28578,0,28678,0,28678,0
28765,1440000,28767,30,27155,3,28768,1440000,28769,18,28770,1440000,28772,18,28773,0,28773,1440000,28775,100,28776,633600,28777,0,28777,1046995,28778,633600,28780,0,28677,0,28780,0,28781,0
28866,1440000,28868,30,27256,3,28869,1440000,28870,25,28870,1440000,28872,30,28873,0,28874,1440000,28875,100,28876,633600,28878,0,28878,1166832,28878,633600,28880,0,28780,0,28881,0,28882,0
28967,1440000,28969,30,27356,3,28970,1440000,28972,27,28973,1440000,28975,20,28975,0,28976,1440000,28978,100,28978,633600,28980,0,28980,1116374,28981,633600,28983,0,28880,0,28984,0,28985,0
29068,1440000,29070,30,27457,3,29071,1440000,29072,33,29073,1440000,29075,11,29075,0,29076,1440000,29077,100,29078,633600,29079,0,29080,1097452,29080,633600,29082,0,28983,0,29083,0,29083,0
29169,1440000,29171,27,27559,3,29171,1440000,29173,40,29173,1440000,29175,20,29175,0,29176,1440000,29177,100,29178,633600,29180,0,29180,1179446,29181,633600,29182,0,29082,0,29183,0,29183,0
29269,1440000,29271,30,27658,3,29272,1440000,29273,40,29274,1440000,29276,50,29277,0,29277,1440000,29279,100,29279,633600,29281,0,29281,1387584,29282,633600,29283,0,29182,0,29284,0,29284,0
29370,1440000,29372,45,27760,3,29373,1440000,29375,22,29376,1440000,29378,40,29379,0,29380,1440000,29383,100,29384,633600,29386,0,29387,1305590,29388,633600,29391,0,29283,0,29392,0,29392,0
29471,1440000,29473,70,27861,3,29474,1440000,29477,66,29477,1440000,29481,54,29482,0,29483,1440000,29485,55,29485,633600,29488,0,29488,1545264,29488,633600,29491,0,29391,0,29492,0,29492,0
29571,1440000,29573,81,27962,3,29574,1440000,29575,70,29576,1440000,29578,55,29578,0,29579,1440000,29584,30,29585,633600,29587,0,29587,1488499,29588,633600,29590,0,29491,0,29591,0,29592,0
29672,1440000,29673,25,28063,3,29674,1440000,29676,30,29677,1440000,29679,100,29680,0,29680,1440000,29682,11,29682,633600,29684,0,29684,1046995,29685,633600,29686,0,29590,0,29687,0,29688,0
29773,1440000,29775,40,28112,6,29776,1440000,29778,88,29778,1440000,29780,54,29781,0,29782,1440000,29783,0,29784,633600,29786,0,29786,1147910,29787,633600,29788,0,29686,0,29789,0,29790,0
29874,1440000,29876,12,28163,6,29877,1440000,29878,100,29879,1440000,29881,30,29882,0,29882,1440000,29884,0,29885,633600,29887,0,29887,895622,29887,633600,29889,0,29788,0,29890,0,29890,0
29974,1440000,29976,25,28263,6,29977,1440000,29978,100,29979,1440000,29981,40,29982,0,29982,1440000,29984,10,29985,633600,29986,0,29986,1103760,29987,633600,29988,0,29889,0,29989,0,29990,0
30075,1440000,30078,45,28365,6,30078,1440000,30080,100,30081,1440000,30083,45,30084,0,30084,1440000,30086,10,30087,633600,30089,0,30089,1261440,30089,633600,30091,0,29989,0,30092,0,30093,0
30176,1440000,30178,22,28465,6,30178,1440000,30180,45,30181,1440000,30183,30,30183,0,30184,1440000,30186,100,30186,633600,30188,0,30188,1242518,30188,633600,30190,0,30091,0,30191,0,30191,0
30276,1440000,30278,30,28566,6,30278,1440000,30281,22,30281,1440000,30283,12,30283,0,30284,1440000,30285,100,30286,633600,30287,0,30288,1034380,30288,633600,30290,0,30190,0,30290,0,30291,0
30377,1440000,30378,20,28666,6,30379,1440000,30381,22,30382,1440000,30384,18,30385,0,30385,1440000,30387,100,30388,633600,30390,0,30390,1009152,30390,633600,30392,0,30290,0,30393,0,30394,0
30477,1440000,30479,0,28767,6,30480,1440000,30482,45,30482,1440000,30484,22,30485,0,30485,1440000,30487,100,30487,633600,30489,0,30489,1053302,30490,633600,30491,0,30392,0,30492,0,30492,0
30578,1440000,30580,22,28868,6,30581,1440000,30583,44,30583,1440000,30585,11,30586,0,30586,1440000,30588,100,30588,633600,30590,0,30590,1116374,30591,633600,30593,0,30491,0,30594,0,30594,0
30679,1440000,30681,22,28969,6,30681,1440000,30683,22,30684,1440000,30685,11,30686,0,30687,1440000,30688,100,30689,633600,30691,0,30691,977616,30691,633600,30693,0,30593,0,30694,0,30695,0
30779,1440000,30781,11,29070,6,30782,1440000,30783,44,30784,1440000,30786,30,30786,0,30787,1440000,30789,100,30789,633600,30791,0,30791,1166831,30792,633600,30794,0,30693,0,30795,0,30795,0
30880,1440000,30882,22,29171,6,30882,1440000,30884,27,30885,1440000,30887,30,30888,0,30889,1440000,30890,100,30891,633600,30893,0,30894,1128988,30894,633600,30897,0,30794,0,30898,0,30898,0
30980,1440000,30982,14,29271,6,30983,1440000,30985,22,30985,1440000,30987,12,30988,0,30988,1440000,30990,100,30990,633600,30994,0,30994,933465,30996,633600,31000,0,30897,0,31001,0,31001,0
31081,1440000,31082,44,29373,6,31083,1440000,31084,63,31085,1440000,31086,36,31087,0,31087,1440000,31089,100,31089,633600,31091,0,31091,1532649,31091,633600,31093,0,31000,0,31093,0,31094,0
31181,1440000,31182,11,29473,6,31183,1440000,31184,30,31185,1440000,31186,11,31187,0,31187,1440000,31189,100,31190,633600,31191,0,31192,958694,31193,633600,31195,0,31093,0,31196,0,31196,0
31282,1440000,31283,22,29573,6,31284,1440000,31286,40,31286,1440000,31288,20,31289,0,31289,1440000,31291,100,31291,633600,31292,0,31293,1147910,31293,633600,31294,0,31195,0,31295,0,31296,0
31382,1440000,31383,30,29674,6,31384,1440000,31385,25,31386,1440000,31387,11,31388,0,31389,1440000,31390,100,31390,633600,31392,0,31392,1046995,31392,633600,31394,0,31295,0,31395,0,31395,0
31483,1440000,31485,12,29776,6,31485,1440000,31487,30,31487,1440000,31489,36,31490,0,31490,1440000,31492,100,31492,633600,31494,0,31494,1122681,31494,633600,31496,0,31394,0,31496,0,31497,0
31582,1440000,31584,30,29876,6,31585,1440000,31586,12,31587,1440000,31589,20,31589,0,31590,1440000,31592,100,31592,633600,31594,0,31594,1021766,31595,633600,31597,0,31496,0,31597,0,31598,0
31683,1440000,31685,22,29976,6,31686,1440000,31687,33,31688,1440000,31689,22,31690,0,31691,1440000,31693,100,31693,633600,31695,0,31695,1116374,31696,633600,31698,0,31597,0,31698,0,31699,0
31784,1440000,31787,25,30078,6,31788,1440000,31790,40,31790,1440000,31792,41,31793,0,31794,1440000,31796,100,31796,633600,31798,0,31798,1299283,31799,633600,31800,0,31698,0,31801,0,31802,0
31884,1440000,31886,25,30178,6,31887,1440000,31888,0,31889,1440000,31890,22,31891,0,31892,1440000,31894,100,31894,633600,31896,0,31896,927158,31897,633600,31899,0,31801,0,31900,0,31900,0
31985,1440000,31987,22,30278,6,31987,1440000,31989,11,31990,1440000,31991,22,31992,0,31993,1440000,31995,100,31995,633600,31997,0,31997,977616,31998,633600,31999,0,31899,0,32000,0,32001,0
32085,1440000,32087,36,30379,6,32088,1440000,32089,22,32090,1440000,32092,33,32093,0,32093,1440000,32095,100,32095,633600,32097,0,32097,1204675,32098,633600,32099,0,32000,0,32100,0,32100,0
32186,1440000,32188,30,30479,6,32189,1440000,32190,20,32191,1440000,32193,27,32194,0,32194,1440000,32196,100,32197,633600,32199,0,32199,1116374,32200,633600,32201,0,32099,0,32202,0,32203,0
32287,1440000,32289,44,30580,6,32289,1440000,32291,90,32292,1440000,32293,40,32294,0,32295,1440000,32297,18,32297,633600,32299,0,32299,1210982,32300,633600,32301,0,32202,0,32302,0,32303,0
32387,1440000,32389,33,30681,6,32390,1440000,32391,100,32392,1440000,32394,22,32394,0,32395,1440000,32397,10,32397,633600,32399,0,32399,1040688,32399,633600,32401,0,32302,0,32402,0,32402,0
32488,1440000,32489,33,30781,6,32490,1440000,32492,77,32493,1440000,32495,30,32496,0,32496,1440000,32498,66,32498,633600,32500,0,32500,1299283,32500,633600,32502,0,32401,0,32503,0,32503,0
32588,1440000,32590,36,30882,6,32590,1440000,32592,30,32593,1440000,32595,11,32596,0,32596,1440000,32598,100,32598,633600,32600,0,32600,1116374,32601,633600,32602,0,32502,0,32603,0,32604,0
32689,1440000,32691,33,30982,6,32691,1440000,32693,22,32694,1440000,32699,18,32700,0,32701,1440000,32703,100,32704,633600,32706,0,32706,1091145,32707,633600,32708,0,32602,0,32709,0,32710,0
32790,1440000,32794,41,31082,6,32795,1440000,32798,45,32798,1440000,32802,44,32803,0,32804,1440000,32806,100,32806,633600,32808,0,32808,1450656,32809,633600,32812,0,32708,0,32813,0,32813,0
32890,1440000,32892,33,31182,6,32893,1440000,32895,33,32896,1440000,32898,18,32899,0,32899,1440000,32901,100,32902,633600,32903,0,32904,1160524,32904,633600,32906,0,32812,0,32907,0,32908,0
32991,1440000,32993,11,31284,6,32993,1440000,32995,45,32996,1440000,32998,11,32999,0,32999,1440000,33001,100,33002,633600,33003,0,33004,1053302,33004,633600,33006,0,32907,0,33006,0,33007,0
33091,1440000,33093,63,31383,6,33093,1440000,33095,60,33096,1440000,33098,27,33098,0,33099,1440000,33101,50,33101,633600,33103,0,33103,1261440,33103,633600,33105,0,33006,0,33106,0,33106,0
33193,1440000,33196,36,31485,6,33196,1440000,33198,20,33199,1440000,33200,0,33201,0,33202,1440000,33203,100,33203,633600,33205,0,33206,983923,33206,633600,33208,0,33105,0,33209,0,33209,0
33293,1440000,33295,40,31584,6,33295,1440000,33297,27,33298,1440000,33300,36,33301,0,33301,1440000,33303,100,33304,633600,33306,0,33306,1280361,33306,633600,33308,0,33208,0,33309,0,33310,0
33343,1440000,33346,33,31685,6,33347,1440000,33349,20,33350,1440000,33352,25,33352,0,33353,1440000,33356,100,33357,633600,33359,0,33359,1122681,33360,633600,33361,0,33308,0,33362,0,33362,0
33443,1440000,33445,40,31787,6,33446,1440000,33448,11,33449,1440000,33450,22,33451,0,33452,1440000,33454,100,33455,633600,33457,0,33457,1091145,33457,633600,33459,0,33361,0,33460,0,33461,0
33545,1440000,33547,40,31886,6,33547,1440000,33549,41,33549,1440000,33550,30,33551,0,33551,1440000,33553,100,33553,633600,33554,0,33555,1330819,33555,633600,33557,0,33460,0,33558,0,33559,0
33644,1440000,33646,37,31987,6,33646,1440000,33648,40,33649,1440000,33651,33,33652,0,33652,1440000,33654,100,33655,633600,33656,33,33656,1382370,33657,633600,33658,88,33558,0,33659,0,33660,0
33745,1440000,33746,33,32087,6,33747,1440000,33749,40,33749,1440000,33751,36,33752,0,33752,1440000,33754,100,33754,633600,33756,16,33756,1500547,33757,633600,33758,0,33659,0,33759,0,33759,0
33845,1440000,33847,70,32188,6,33847,1440000,33849,90,33850,1440000,33851,60,33852,0,33852,1440000,33854,100,33854,633600,33856,44,33856,2095449,33856,633600,33858,11,33758,0,33859,0,33859,0
33946,1440000,33947,50,32289,6,33948,1440000,33949,55,33950,1440000,33951,40,33952,0,33952,1440000,33954,100,33954,633600,33956,90,33956,1722347,33956,633600,33958,11,33858,0,33960,0,33961,0
34048,1440000,34050,75,32389,6,34050,1440000,34052,72,34053,1440000,34055,90,34056,0,34056,1440000,34059,100,34060,633600,34062,45,34062,2223711,34062,633600,34064,36,33959,0,34065,0,34065,0
34149,1440000,34151,70,32490,6,34151,1440000,34153,88,34154,1440000,34155,70,34156,0,34156,1440000,34158,100,34159,633600,34160,11,34161,2151166,34162,633600,34164,0,34064,0,34164,0,34165,0
34249,1440000,34251,90,32590,6,34251,1440000,34253,90,34253,1440000,34255,80,34256,0,34256,1440000,34258,100,34259,633600,34261,30,34261,2323190,34262,633600,34263,27,34164,0,34264,0,34265,0
34349,1440000,34350,77,32691,6,34351,1440000,34353,100,34353,1440000,34355,60,34355,0,34355,1440000,34357,100,34357,633600,34359,62,34359,2281569,34360,633600,34362,22,34263,0,34363,0,34364,0
34449,1440000,34451,33,32794,6,34452,1440000,34454,33,34454,1440000,34456,20,34456,0,34457,1440000,34458,100,34459,633600,34461,30,34461,1264310,34462,633600,34465,9,34363,0,34466,0,34467,0
34550,1440000,34551,22,32892,6,34552,1440000,34553,30,34554,1440000,34556,27,34557,0,34557,1440000,34559,100,34559,633600,34560,0,34561,1144768,34561,633600,34564,0,34465,0,34564,0,34565,0
34650,1440000,34652,37,32993,6,34653,1440000,34654,22,34655,1440000,34657,22,34657,0,34658,1440000,34659,100,34660,633600,34661,0,34662,1141603,34663,633600,34664,0,34564,0,34666,0,34667,0
34751,1440000,34753,20,33093,6,34753,1440000,34755,27,34755,1440000,34757,11,34758,0,34758,1440000,34760,100,34760,633600,34762,0,34762,996537,34763,633600,34764,0,34665,0,34765,0,34766,0
34852,1440000,34854,12,33196,6,34854,1440000,34856,30,34856,1440000,34858,18,34859,0,34859,1440000,34861,100,34861,633600,34863,0,34863,1009152,34863,633600,34866,0,34764,0,34867,0,34867,0
34952,1440000,34954,33,33295,6,34955,1440000,34957,11,34957,1440000,34959,10,34960,0,34960,1440000,34962,100,34962,633600,34963,0,34963,971308,34964,633600,34965,0,34866,0,34966,0,34966,0
35053,1440000,35054,30,33347,6,35055,1440000,35057,22,35057,1440000,35059,0,35060,0,35060,1440000,35062,100,35063,633600,35064,0,35065,958694,35065,633600,35066,0,34965,0,35067,0,35068,0
35154,1440000,35156,12,33446,6,35156,1440000,35158,20,35159,1440000,35161,30,35161,0,35162,1440000,35164,100,35165,633600,35166,0,35167,1021766,35167,633600,35169,0,35067,0,35169,0,35170,0
35254,1440000,35256,12,33547,6,35257,1440000,35259,50,35259,1440000,35261,22,35262,0,35262,1440000,35264,100,35264,633600,35266,0,35266,1160524,35266,633600,35268,0,35169,0,35268,0,35269,0
35355,1440000,35357,10,33646,6,35357,1440000,35359,20,35360,1440000,35362,27,35363,0,35363,1440000,35366,100,35366,633600,35368,0,35368,990230,35369,633600,35370,0,35268,0,35371,0,35372,0
35456,1440000,35458,77,33747,6,35459,1440000,35460,66,35465,1440000,35468,77,35470,0,35471,1440000,35473,100,35473,633600,35476,0,35476,2018304,35476,633600,35479,9,35371,0,35480,0,35481,0
35557,1440000,35561,77,33847,6,35562,1440000,35564,66,35564,1440000,35567,50,35567,0,35568,1440000,35569,100,35570,633600,35572,0,35572,1863789,35572,633600,35574,11,35479,0,35574,0,35575,0
35658,1440000,35661,50,33948,6,35662,1440000,35663,55,35664,1440000,35666,40,35667,0,35667,1440000,35669,100,35669,633600,35671,0,35671,1564550,35672,633600,35673,0,35574,0,35674,0,35674,0
35758,1440000,35761,50,34050,6,35762,1440000,35764,28,35765,1440000,35767,50,35767,0,35768,1440000,35769,100,35770,633600,35772,0,35772,1438041,35772,633600,35773,0,35673,0,35774,0,35775,0
35860,1440000,35863,60,34151,6,35867,1440000,35869,69,35870,1440000,35872,54,35873,0,35874,1440000,35877,100,35878,633600,35881,8,35881,1798963,35882,633600,35884,0,35774,0,35885,0,35886,0
35962,1440000,35964,60,34251,6,35965,1440000,35967,50,35967,1440000,35969,37,35970,0,35970,1440000,35972,100,35972,633600,35974,11,35974,1577164,35975,633600,35977,0,35884,0,35978,0,35979,0
36063,1440000,36065,75,34351,6,36066,1440000,36068,60,36068,1440000,36070,66,36070,0,36071,1440000,36073,100,36073,633600,36075,45,36075,1977365,36075,633600,36077,10,35977,0,36078,0,36079,0
36163,1440000,36165,88,34451,6,36165,1440000,36167,66,36167,1440000,36168,80,36169,0,36169,1440000,36171,55,36171,633600,36173,12,36173,1861353,36174,633600,36175,10,36077,0,36176,0,36176,0
36264,1440000,36266,100,34551,6,36266,1440000,36268,11,36268,1440000,36270,27,36270,0,36271,1440000,36273,0,36273,633600,36275,0,36275,887926,36276,633600,36277,0,36175,0,36278,0,36278,0
36364,1440000,36367,72,34652,6,36368,1440000,36369,80,36370,1440000,36371,72,36372,0,36373,1440000,36374,0,36375,633600,36377,0,36377,1412812,36378,633600,36380,0,36277,0,36381,0,36382,0
36466,1440000,36468,90,34753,6,36468,1440000,36471,90,36471,1440000,36474,100,36474,0,36475,1440000,36477,58,36478,633600,36483,36,36483,2194952,36483,633600,36485,30,36380,0,36486,0,36486,0
36567,1440000,36570,88,34854,6,36571,1440000,36575,100,36576,1440000,36583,100,36583,0,36584,1440000,36586,66,36586,633600,36608,27,36608,2332686,36610,633600,36618,15,36485,0,36619,0,36620,0
36669,1440000,36671,100,34954,6,36672,1440000,36673,81,36674,1440000,36677,100,36678,0,36679,1440000,36681,77,36681,633600,36683,57,36683,2384215,36684,633600,36686,50,36618,0,36687,0,36687,0
36771,1440000,36772,90,35055,6,36774,1440000,36776,77,36777,1440000,36780,100,36781,0,36782,1440000,36785,80,36785,633600,36787,33,36787,2334122,36788,633600,36789,20,36686,0,36790,0,36790,0
36870,1440000,36872,33,35126,3,36872,1440000,36874,44,36875,1440000,36877,40,36878,0,36879,1440000,36881,100,36881,633600,36883,10,36883,1421261,36883,633600,36885,0,36789,0,36886,0,36886,0
36970,1440000,36972,44,35156,3,36972,1440000,36974,36,36976,1440000,36978,40,36978,0,36979,1440000,36981,100,36981,633600,36983,0,36983,1387584,36984,633600,36985,0,36885,0,36986,0,36987,0
37072,1440000,37073,44,35257,3,37074,1440000,37076,40,37077,1440000,37079,36,37080,0,37080,1440000,37082,90,37082,633600,37084,0,37084,1324512,37084,633600,37086,0,36985,0,37086,0,37087,0
37172,1440000,37174,80,35357,3,37175,1440000,37177,33,37178,1440000,37179,37,37180,0,37180,1440000,37182,100,37182,633600,37184,0,37184,1576800,37184,633600,37186,0,37086,0,37186,0,37187,0
37272,1440000,37274,20,35458,3,37275,1440000,37276,0,37277,1440000,37278,22,37279,0,37279,1440000,37280,100,37281,633600,37283,0,37283,895622,37283,633600,37285,0,37186,0,37286,0,37286,0
37373,1440000,37375,22,35562,3,37375,1440000,37377,11,37378,1440000,37379,27,37380,0,37380,1440000,37382,100,37382,633600,37384,0,37384,1009152,37384,633600,37386,0,37285,0,37387,0,37387,0
37473,1440000,37475,11,35661,3,37476,1440000,37478,0,37478,1440000,37480,22,37480,0,37481,1440000,37483,100,37483,633600,37485,0,37485,838857,37485,633600,37487,0,37386,0,37487,0,37488,0
37574,1440000,37576,20,35762,3,37576,1440000,37578,10,37579,1440000,37580,33,37581,0,37582,1440000,37583,100,37584,633600,37586,0,37586,1028073,37587,633600,37588,0,37487,0,37590,0,37590,0
37675,1440000,37677,50,35863,3,37677,1440000,37679,20,37680,1440000,37682,9,37683,0,37683,1440000,37686,100,37686,633600,37688,0,37688,1128988,37688,633600,37691,0,37588,0,37692,0,37692,0
37776,1440000,37778,22,35964,3,37778,1440000,37780,10,37781,1440000,37783,0,37783,0,37784,1440000,37786,100,37787,633600,37789,0,37789,832550,37790,633600,37791,0,37691,0,37792,0,37793,0
37876,1440000,37879,54,36065,3,37879,1440000,37881,12,37882,1440000,37884,60,37885,0,37886,1440000,37888,60,37889,633600,37891,0,37891,1173139,37892,633600,37894,0,37792,0,37895,0,37896,0
37977,1440000,37979,44,36130,6,37979,1440000,37981,20,37982,1440000,37984,100,37985,0,37985,1440000,37987,60,37988,633600,37990,0,37990,1412812,37990,633600,37992,0,37894,0,37993,0,37994,0
38078,1440000,38080,70,36165,6,38081,1440000,38083,60,38083,1440000,38086,100,38086,0,38087,1440000,38090,30,38090,633600,38092,0,38092,1639871,38093,633600,38095,0,37992,0,38096,0,38097,0
38179,1440000,38182,66,36266,6,38183,1440000,38185,50,38185,1440000,38187,70,38188,0,38188,1440000,38190,100,38191,633600,38193,0,38193,1803859,38193,633600,38195,0,38095,0,38196,0,38196,0
38280,1440000,38282,44,36367,6,38282,1440000,38283,40,38284,1440000,38286,37,38286,0,38287,1440000,38289,81,38289,633600,38292,0,38292,1274054,38292,633600,38294,0,38195,0,38295,0,38295,0
38381,1440000,38383,50,36468,6,38383,1440000,38386,44,38386,1440000,38388,100,38393,0,38393,1440000,38395,33,38395,633600,38397,0,38397,1431734,38398,633600,38399,0,38294,0,38400,0,38400,0
38481,1440000,38483,50,36571,6,38483,1440000,38485,22,38486,1440000,38487,80,38491,0,38492,1440000,38494,44,38495,633600,38496,0,38496,1236211,38497,633600,38498,0,38399,0,38499,0,38499,0
38582,1440000,38584,22,36672,6,38585,1440000,38586,0,38587,1440000,38589,100,38590,0,38590,1440000,38592,11,38592,633600,38594,0,38594,838857,38594,633600,38596,0,38499,0,38596,0,38597,0
38683,1440000,38685,30,36773,6,38686,1440000,38688,18,38689,1440000,38690,100,38691,0,38692,1440000,38693,9,38694,633600,38695,0,38696,990230,38696,633600,38698,0,38596,0,38699,0,38699,0
38784,1440000,38786,30,36872,6,38787,1440000,38789,11,38789,1440000,38791,100,38791,0,38792,1440000,38794,27,38794,633600,38795,0,38796,1059609,38796,633600,38798,0,38698,0,38798,0,38799,0
38885,1440000,38888,20,36972,6,38888,1440000,38890,20,38891,1440000,38893,100,38893,0,38894,1440000,38896,18,38896,633600,38898,0,38898,996537,38898,633600,38900,0,38798,0,38901,0,38901,0
38985,1440000,38987,30,37074,6,38988,1440000,38990,33,38990,1440000,38992,100,38993,0,38993,1440000,38995,11,38995,633600,38997,0,38997,1097452,38998,633600,38999,0,38900,0,39000,0,39001,0
39086,1440000,39089,33,37139,3,39090,1440000,39095,50,39095,1440000,39097,100,39098,0,39098,1440000,39101,30,39102,633600,39103,9,39104,1359213,39104,633600,39107,0,39000,0,39108,0,39108,0
39186,1440000,39188,50,37174,3,39189,1440000,39191,44,39192,1440000,39193,100,39194,0,39195,1440000,39196,37,39197,633600,39198,0,39198,1456963,39199,633600,39200,0,39107,0,39201,0,39201,0
39287,1440000,39288,20,37274,3,39289,1440000,39291,11,39291,1440000,39292,100,39293,0,39293,1440000,39295,30,39295,633600,39297,0,39297,1015459,39297,633600,39298,0,39200,0,39299,0,39299,0
39387,1440000,39389,20,37375,3,39389,1440000,39391,10,39392,1440000,39393,100,39393,0,39394,1440000,39395,18,39396,633600,39397,0,39397,933465,39398,633600,39399,0,39299,0,39400,0,39400,0
39488,1440000,39490,27,37475,3,39491,1440000,39493,11,39493,1440000,39495,100,39496,0,39496,1440000,39499,12,39499,633600,39501,0,39501,946080,39501,633600,39503,0,39399,0,39504,0,39504,0
39588,1440000,39590,40,37576,3,39591,1440000,39593,30,39594,1440000,39596,100,39596,0,39597,1440000,39598,45,39599,633600,39600,0,39600,1356048,39601,633600,39602,0,39503,0,39603,0,39604,0
39690,1440000,39693,72,37677,3,39694,1440000,39696,50,39697,1440000,39698,66,39699,0,39699,1440000,39701,50,39702,633600,39704,0,39704,1501113,39705,633600,39708,0,39603,0,39709,0,39709,0
39790,1440000,39792,22,37778,3,39793,1440000,39795,22,39795,1440000,39797,100,39798,0,39798,1440000,39800,30,39800,633600,39802,0,39802,1097452,39803,633600,39805,0,39708,0,39805,0,39806,0
39891,1440000,39893,11,37879,3,39894,1440000,39896,27,39896,1440000,39898,100,39898,0,39899,1440000,39901,11,39901,633600,39903,0,39904,939772,39905,633600,39907,0,39805,0,39908,0,39909,0
39992,1440000,39994,20,37979,3,39995,1440000,39997,20,39997,1440000,40000,100,40000,0,40001,1440000,40003,30,40004,633600,40006,18,40006,1103783,40007,633600,40009,0,39907,0,40009,0,40010,0
40093,1440000,40096,81,38080,3,40097,1440000,40099,100,40099,1440000,40101,60,40102,0,40102,1440000,40103,20,40104,633600,40107,100,40107,1821508,40108,633600,40112,0,40009,0,40114,0,40115,0
40192,1440000,40194,60,38182,3,40195,1440000,40197,100,40197,1440000,40199,100,40199,0,40200,1440000,40202,40,40202,633600,40203,100,40204,2067489,40204,633600,40206,0,40112,0,40207,0,40208,0
40295,1440000,40297,70,38183,6,40298,1440000,40300,50,40300,1440000,40302,40,40307,0,40308,1440000,40310,100,40313,633600,40317,100,40317,1815201,40318,633600,40320,0,40206,0,40321,0,40321,0
40396,1440000,40398,66,38282,6,40398,1440000,40400,40,40400,1440000,40402,45,40402,0,40403,1440000,40413,100,40413,633600,40416,100,40416,1758436,40416,633600,40422,18,40320,0,40423,0,40423,0
40496,1440000,40498,55,38383,6,40498,1440000,40500,70,40500,1440000,40502,70,40502,0,40503,1440000,40505,100,40505,633600,40508,100,40508,2067513,40509,633600,40510,0,40422,0,40511,0,40512,0
40597,1440000,40598,37,38483,6,40599,1440000,40600,40,40601,1440000,40603,30,40605,0,40605,1440000,40608,100,40608,633600,40610,100,40611,1480920,40611,633600,40614,0,40510,0,40615,0,40615,0
40697,1440000,40699,66,38584,6,40700,1440000,40702,77,40702,1440000,40705,33,40707,0,40707,1440000,40710,50,40711,633600,40714,100,40714,1600756,40715,633600,40717,0,40614,0,40718,0,40719,0
40798,1440000,40800,33,38685,6,40800,1440000,40802,100,40802,1440000,40804,30,40805,0,40805,1440000,40807,11,40808,633600,40811,100,40811,1272782,40812,633600,40814,0,40718,0,40815,0,40816,0
40899,1440000,40900,20,38786,6,40901,1440000,40902,100,40903,1440000,40905,27,40906,0,40906,1440000,40909,0,40911,633600,40913,100,40913,1102488,40914,633600,40916,0,40815,0,40917,0,40921,0
40999,1440000,41001,30,38888,6,41002,1440000,41004,100,41005,1440000,41006,10,41007,0,41008,1440000,41010,20,41012,633600,41014,100,41014,1184481,41015,633600,41017,0,40916,0,41017,0,41018,0
41101,1440000,41103,40,38987,6,41104,1440000,41106,100,41107,1440000,41109,11,41110,0,41110,1440000,41113,27,41114,633600,41116,90,41117,1280478,41118,633600,41122,0,41017,0,41123,0,41124,0
41203,1440000,41206,40,39089,6,41208,1440000,41212,100,41213,1440000,41221,27,41222,0,41222,1440000,41224,25,41225,633600,41227,0,41227,1210982,41228,633600,41230,0,41122,0,41231,0,41232,0
41303,1440000,41305,42,39145,3,41305,1440000,41308,50,41308,1440000,41311,42,41312,0,41313,1440000,41315,88,41316,633600,41318,0,41323,1400198,41324,633600,41327,0,41230,0,41328,0,41328,0
41404,1440000,41407,63,39189,3,41408,1440000,41411,28,41412,1440000,41415,40,41416,0,41417,1440000,41422,100,41423,633600,41426,0,41427,1456963,41427,633600,41430,0,41327,0,41430,0,41431,0
41506,1440000,41508,90,39288,3,41509,1440000,41510,40,41511,1440000,41513,44,41513,0,41514,1440000,41515,100,41516,633600,41518,11,41518,1747459,41518,633600,41520,0,41430,0,41523,0,41524,0
41606,1440000,41608,100,39389,3,41608,1440000,41610,22,41611,1440000,41613,27,41613,0,41614,1440000,41615,100,41616,633600,41617,0,41618,1570492,41618,633600,41620,0,41521,0,41621,0,41622,0
41706,1440000,41708,62,39490,3,41709,1440000,41712,54,41712,1440000,41714,37,41715,0,41716,1440000,41718,100,41722,633600,41725,0,41725,1595721,41725,633600,41727,0,41620,0,41728,0,41728,0
41806,1440000,41808,55,39590,3,41809,1440000,41810,33,41811,1440000,41812,40,41813,0,41813,1440000,41815,100,41815,633600,41817,0,41817,1438041,41817,633600,41819,0,41727,0,41820,0,41821,0
41907,1440000,41909,33,39693,3,41910,1440000,41914,33,41914,1440000,41916,36,41917,0,41918,1440000,41923,100,41924,633600,41926,0,41926,1274054,41926,633600,41928,0,41820,0,41929,0,41929,0
42008,1440000,42010,33,39793,3,42011,1440000,42013,22,42014,1440000,42015,20,42016,0,42016,1440000,42018,100,42019,633600,42020,0,42020,1103760,42021,633600,42023,0,41928,0,42024,0,42025,0
42108,1440000,42111,22,39893,3,42112,1440000,42115,11,42117,1440000,42122,38,42123,0,42124,1440000,42126,100,42126,633600,42128,0,42129,1078531,42129,633600,42130,0,42024,0,42131,0,42132,0
42209,1440000,42212,77,39994,3,42212,1440000,42214,30,42214,1440000,42216,22,42216,0,42217,1440000,42218,100,42219,633600,42221,0,42222,1444348,42223,633600,42225,0,42131,0,42226,0,42227,0
42309,1440000,42311,100,40097,3,42311,1440000,42313,27,42314,1440000,42316,20,42316,0,42317,1440000,42318,100,42319,633600,42321,0,42321,1557878,42325,633600,42332,0,42225,0,42333,0,42333,0
42410,1440000,42412,100,40195,3,42413,1440000,42415,91,42416,1440000,42418,25,42419,0,42419,1440000,42422,44,42423,633600,42426,0,42426,1639872,42427,633600,42429,0,42332,0,42430,0,42430,0
42510,1440000,42513,100,40297,3,42514,1440000,42516,88,42516,1440000,42519,50,42520,0,42521,1440000,42523,55,42524,633600,42526,0,42526,1848009,42527,633600,42529,0,42429,0,42530,0,42530,0
42611,1440000,42613,100,40398,3,42614,1440000,42615,25,42616,1440000,42618,22,42619,0,42620,1440000,42623,100,42624,633600,42626,0,42627,1557878,42627,633600,42630,0,42486,0,42631,0,42631,0
42712,1440000,42714,100,40498,3,42714,1440000,42718,66,42718,1440000,42724,40,42725,0,42725,1440000,42727,100,42727,633600,42729,0,42729,1930003,42729,633600,42731,0,42529,0,42731,0,42732,0
42812,1440000,42813,66,40599,3,42814,1440000,42816,11,42816,1440000,42818,12,42819,0,42820,1440000,42821,100,42823,633600,42825,0,42825,1192060,42826,633600,42828,0,42630,0,42829,0,42831,0
42913,1440000,42915,40,40699,3,42915,1440000,42917,22,42917,1440000,42921,27,42922,0,42922,1440000,42924,100,42926,633600,42928,0,42928,1192060,42929,633600,42930,0,42731,0,42932,0,42932,0
43014,1440000,43015,45,40800,3,43016,1440000,43018,36,43018,1440000,43020,88,43021,0,43022,1440000,43024,30,43025,633600,43027,0,43028,1255132,43028,633600,43030,0,42828,0,43031,0,43032,0
43114,1440000,43116,12,40900,3,43116,1440000,43118,27,43119,1440000,43123,100,43124,0,43124,1440000,43126,20,43127,633600,43129,0,43130,1002844,43130,633600,43132,0,42931,0,43133,0,43134,0
43214,1440000,43216,40,41002,3,43217,1440000,43219,12,43219,1440000,43222,100,43222,0,43223,1440000,43226,30,43226,633600,43229,9,43229,1163690,43229,633600,43232,0,43030,0,43233,0,43233,0
43315,1440000,43317,100,41103,3,43318,1440000,43320,100,43320,1440000,43322,20,43323,0,43324,1440000,43326,30,43327,633600,43330,0,43330,1576800,43331,633600,43333,0,43133,0,43334,0,43335,0
43416,1440000,43418,55,41206,3,43419,1440000,43420,100,43421,1440000,43423,22,43424,0,43425,1440000,43427,30,43428,633600,43430,0,43431,1305590,43431,633600,43433,0,43232,0,43434,0,43435,0
43516,1440000,43520,50,41305,3,43521,1440000,43525,100,43527,1440000,43529,33,43530,0,43531,1440000,43533,27,43534,633600,43537,0,43537,1324512,43538,633600,43540,0,43334,0,43542,0,43543,0
43617,1440000,43619,22,41407,3,43620,1440000,43624,100,43625,1440000,43627,0,43628,0,43628,1440000,43630,22,43630,633600,43632,0,43632,908236,43633,633600,43635,0,43433,0,43636,0,43637,0
43718,1440000,43719,25,41508,3,43720,1440000,43722,100,43723,1440000,43726,30,43727,0,43728,1440000,43730,18,43731,633600,43733,0,43733,1091145,43734,633600,43736,0,43540,0,43738,0,43739,0
43819,1440000,43821,30,41608,3,43822,1440000,43824,100,43825,1440000,43827,11,43828,0,43829,1440000,43831,10,43832,633600,43835,0,43835,952387,43836,633600,43839,0,43635,0,43840,0,43841,0
43919,1440000,43922,36,41709,3,43923,1440000,43925,100,43926,1440000,43929,36,43930,0,43930,1440000,43933,11,43934,633600,43937,0,43937,1154217,43938,633600,43940,0,43737,0,43942,0,43943,0
44021,1440000,44023,55,41808,3,44023,1440000,44025,100,44025,1440000,44026,44,44027,0,44028,1440000,44029,44,44030,633600,44031,10,44031,1550182,44031,633600,44033,0,43839,0,44033,0,44034,0
44121,1440000,44123,50,41910,3,44124,1440000,44126,88,44126,1440000,44129,45,44130,0,44130,1440000,44132,36,44133,633600,44135,10,44136,1398809,44136,633600,44138,0,43940,0,44139,0,44140,0
44221,1440000,44223,50,42011,3,44224,1440000,44226,33,44226,1440000,44228,33,44229,0,44229,1440000,44231,100,44232,633600,44235,0,44236,1362355,44236,633600,44238,0,44033,0,44239,0,44240,0
44322,1440000,44324,33,42111,3,44325,1440000,44327,36,44327,1440000,44329,30,44330,0,44330,1440000,44332,100,44332,633600,44334,0,44335,1255132,44335,633600,44338,0,44139,0,44338,0,44339,0
44423,1440000,44425,44,42212,3,44426,1440000,44427,30,44428,1440000,44430,0,44430,0,44430,1440000,44432,100,44435,633600,44438,0,44438,1097452,44438,633600,44440,0,44238,0,44441,0,44442,0
44525,1440000,44527,33,42311,3,44528,1440000,44529,12,44530,1440000,44532,30,44535,0,44536,1440000,44538,100,44538,633600,44540,0,44540,1103760,44540,633600,44542,0,44338,0,44542,0,44543,0
44626,1440000,44627,40,42413,3,44628,1440000,44630,22,44631,1440000,44633,30,44633,0,44634,1440000,44636,100,44637,633600,44639,9,44640,1226762,44640,633600,44642,0,44441,0,44643,0,44644,0
44726,1440000,44729,33,42513,3,44730,1440000,44732,30,44733,1440000,44736,33,44737,0,44738,1440000,44740,100,44741,633600,44743,0,44743,1236211,44744,633600,44746,0,44542,0,44746,0,44747,0
44829,1440000,44831,50,42613,3,44831,1440000,44836,72,44837,1440000,44839,50,44840,0,44841,1440000,44843,100,44843,633600,44845,0,44845,1715558,44846,633600,44847,0,44642,0,44848,0,44848,0
44930,1440000,44933,44,42714,3,44934,1440000,44937,40,44938,1440000,44940,20,44941,0,44942,1440000,44944,100,44945,633600,44948,0,44948,1286668,44948,633600,44951,0,44746,0,44952,0,44953,0
45030,1440000,45036,11,42814,3,45037,1440000,45039,30,45039,1440000,45041,11,45042,0,45043,1440000,45045,100,45046,633600,45048,0,45048,958694,45049,633600,45051,0,44847,0,45052,0,45052,0
45131,1440000,45133,22,42915,3,45134,1440000,45137,42,45138,1440000,45140,20,45141,0,45142,1440000,45145,100,45146,633600,45148,0,45148,1160524,45148,633600,45151,0,44951,0,45152,0,45152,0
45233,1440000,45236,27,43016,3,45237,1440000,45240,36,45241,1440000,45245,0,45246,0,45247,1440000,45250,100,45250,633600,45253,0,45254,1028073,45255,633600,45257,0,45051,0,45258,0,45259,0
45335,1440000,45339,22,43116,3,45340,1440000,45344,30,45345,1440000,45349,30,45358,0,45359,1440000,45364,100,45365,633600,45369,0,45369,1147910,45370,633600,45373,0,45151,0,45374,0,45375,0
45436,1440000,45439,50,43157,6,45440,1440000,45442,44,45443,1440000,45446,30,45447,0,45447,1440000,45450,100,45451,633600,45453,0,45454,1412812,45454,633600,45456,0,45258,0,45457,0,45458,0
45537,1440000,45540,0,43216,6,45541,1440000,45546,20,45548,1440000,45552,20,45553,0,45554,1440000,45556,100,45557,633600,45559,0,45559,883008,45560,633600,45562,0,45373,0,45564,0,45564,0
45638,1440000,45641,40,43317,6,45643,1440000,45646,40,45646,1440000,45650,11,45652,0,45653,1440000,45658,100,45659,633600,45662,0,45663,1204675,45664,633600,45668,0,45457,0,45669,0,45670,0
45739,1440000,45744,30,43418,6,45746,1440000,45752,30,45754,1440000,45759,0,45761,0,45762,1440000,45767,100,45768,633600,45771,0,45772,1009152,45773,633600,45776,0,45563,0,45779,0,45780,0
45840,1440000,45843,70,43520,6,45845,1440000,45849,33,45850,1440000,45853,40,45854,0,45855,1440000,45858,100,45859,633600,45861,0,45861,1532649,45862,633600,45864,0,45668,0,45866,0,45866,0
45941,1440000,45943,44,43620,6,45945,1440000,45947,25,45947,1440000,45950,11,45951,0,45953,1440000,45955,100,45956,633600,45959,0,45959,1135296,45960,633600,45963,0,45776,0,45964,0,45965,0
46043,1440000,46045,44,43720,6,46046,1440000,46047,50,46048,1440000,46049,22,46050,0,46050,1440000,46052,100,46053,633600,46055,0,46055,1362355,46056,633600,46058,0,45865,0,46059,0,46060,0
46092,1440000,46094,25,43821,6,46095,1440000,46097,25,46097,1440000,46099,0,46100,0,46100,1440000,46102,100,46103,633600,46104,0,46105,946080,46105,633600,46107,0,45963,0,46108,0,46108,0
46193,1440000,46196,33,43922,6,46197,1440000,46200,0,46201,1440000,46203,20,46204,0,46205,1440000,46207,100,46209,633600,46213,0,46213,965001,46214,633600,46217,0,46058,0,46218,0,46219,0
46294,1440000,46300,37,44023,6,46302,1440000,46306,44,46307,1440000,46310,36,46311,0,46311,1440000,46313,100,46314,633600,46317,0,46317,1368662,46317,633600,46320,0,46107,0,46321,0,46321,0
46394,1440000,46396,50,44123,6,46397,1440000,46399,33,46400,1440000,46402,50,46402,0,46403,1440000,46405,100,46405,633600,46407,0,46407,1469577,46408,633600,46409,0,46217,0,46410,0,46411,0
46494,1440000,46496,44,44223,6,46496,1440000,46498,20,46499,1440000,46500,88,46501,0,46502,1440000,46503,100,46504,633600,46506,0,46506,1589414,46506,633600,46508,0,46320,0,46509,0,46509,0
46595,1440000,46597,40,44324,6,46597,1440000,46599,40,46599,1440000,46601,30,46601,0,46602,1440000,46603,100,46604,633600,46605,10,46606,1342044,46606,633600,46608,0,46410,0,46608,0,46609,0
46695,1440000,46696,10,44425,6,46697,1440000,46698,10,46699,1440000,46700,30,46701,0,46701,1440000,46702,81,46703,633600,46704,0,46704,826243,46705,633600,46706,0,46508,0,46707,0,46707,0
46795,1440000,46797,0,44527,6,46797,1440000,46800,10,46800,1440000,46802,10,46802,0,46803,1440000,46804,0,46805,633600,46806,0,46806,126144,46807,633600,46808,0,46608,0,46809,0,46809,0
46896,1248000,46898,30,44628,6,46899,1248000,46901,0,46902,1248000,46903,11,46904,0,46905,1248000,46906,9,46907,633600,46909,0,46909,249350,46910,633600,46912,0,46706,0,46913,0,46913,0
46997,1248000,47004,45,44729,6,47005,1248000,47008,18,47009,1248000,47011,38,47012,0,47012,1248000,47015,0,47016,633600,47019,0,47019,503687,47020,633600,47022,0,46808,0,47023,0,47023,0
47098,1440000,47100,44,44831,6,47101,1440000,47102,40,47103,1440000,47104,25,47105,0,47105,1440000,47107,11,47108,633600,47109,0,47110,756863,47110,633600,47112,0,46912,0,47113,0,47113,0
47199,1440000,47201,33,44933,6,47202,1440000,47204,100,47205,1440000,47207,11,47208,0,47208,1440000,47210,20,47211,633600,47213,0,47213,1034380,47213,633600,47215,0,47022,0,47217,0,47219,0
47300,1440000,47301,22,45036,6,47302,1440000,47303,100,47304,1440000,47306,10,47306,0,47307,1440000,47309,11,47309,633600,47310,0,47310,901929,47311,633600,47312,0,47112,0,47313,0,47314,0
47400,1440000,47402,33,45134,6,47403,1440000,47404,100,47405,1440000,47407,18,47407,0,47408,1440000,47410,9,47410,633600,47412,0,47412,1009152,47412,633600,47414,0,47216,0,47415,0,47415,0
47501,1440000,47503,0,45164,3,47504,1440000,47506,100,47506,1440000,47508,36,47509,0,47509,1440000,47511,10,47512,633600,47513,0,47514,920851,47514,633600,47516,0,47313,0,47517,0,47518,0
47602,1440000,47605,45,45236,3,47605,1440000,47607,90,47607,1440000,47609,62,47610,0,47610,1440000,47612,18,47612,633600,47614,0,47615,1356048,47616,633600,47620,0,47414,0,47621,0,47622,0
47703,1440000,47706,90,45340,3,47707,1440000,47709,55,47709,1440000,47711,70,47711,0,47712,1440000,47714,66,47715,633600,47717,10,47717,1789856,47718,633600,47720,10,47516,0,47721,0,47722,0
47803,1440000,47805,66,45440,3,47807,1440000,47808,66,47809,1440000,47810,62,47811,0,47811,1440000,47813,77,47813,633600,47815,0,47815,1726784,47816,633600,47818,0,47620,0,47820,0,47820,0
47904,1440000,47907,40,45540,3,47907,1440000,47909,50,47910,1440000,47911,40,47914,0,47915,1440000,47918,80,47919,633600,47924,9,47925,1340291,47925,633600,47927,0,47721,0,47928,0,47928,0
48004,1440000,48006,77,45642,3,48007,1440000,48009,60,48009,1440000,48011,60,48011,0,48012,1440000,48014,70,48014,633600,48017,0,48017,1684022,48018,633600,48021,10,47819,0,48022,0,48022,0
48105,1440000,48106,50,45744,3,48107,1440000,48109,37,48110,1440000,48111,55,48115,0,48116,1440000,48118,55,48119,633600,48121,0,48121,1260051,48121,633600,48123,0,47927,0,48124,0,48124,0
48205,1440000,48207,22,45844,3,48207,1440000,48209,20,48209,1440000,48211,27,48212,0,48212,1440000,48214,90,48214,633600,48216,0,48216,1002844,48216,633600,48218,0,48021,0,48219,0,48219,0
48306,1440000,48308,33,45944,3,48308,1440000,48310,11,48310,1440000,48312,0,48313,0,48313,1440000,48315,88,48315,633600,48317,0,48317,832550,48317,633600,48319,0,48123,0,48320,0,48320,0
48407,1440000,48409,81,46045,3,48409,1440000,48411,10,48412,1440000,48414,0,48415,0,48415,1440000,48417,10,48417,633600,48419,0,48419,637027,48420,633600,48422,0,48218,0,48422,0,48423,0
48507,1440000,48509,50,46094,3,48510,1440000,48512,44,48513,1440000,48514,70,48515,0,48515,1440000,48517,30,48518,633600,48520,0,48520,1223596,48520,633600,48522,0,48319,0,48523,0,48523,0
,,,,46196,3,,,,,,,,,,,,,,,,,,,,,,,,,48422,0,,,,
,,,,46301,3,,,,,,,,,,,,,,,,,,,,,,,,,48522,0,,,,
,,,,46396,3,,,,,,,,,,,,,,,,,,,,,,,,,,,,,,
,,,,46496,3,,,,,,,,,,,,,,,,,,,,,,,,,,,,,,
,,,,46597,3,,,,,,,,,,,,,,,,,,,,,,,,,,,,,,
,,,,46697,3,,,,,,,,,,,,,,,,,,,,,,,,,,,,,,
,,,,46797,3,,,,,,,,,,,,,,,,,,,,,,,,,,,,,,
,,,,46899,3,,,,,,,,,,,,,,,,,,,,,,,,,,,,,,
,,,,47004,3,,,,,,,,,,,,,,,,,,,,,,,,,,,,,,
,,,,47100,3,,,,,,,,,,,,,,,,,,,,,,,,,,,,,,
,,,,47171,6,,,,,,,,,,,,,,,,,,,,,,,,,,,,,,
,,,,47201,6,,,,,,,,,,,,,,,,,,,,,,,,,,,,,,
,,,,47302,6,,,,,,,,,,,,,,,,,,,,,,,,,,,,,,
,,,,47402,6,,,,,,,,,,,,,,,,,,,,,,,,,,,,,,
,,,,47503,6,,,,,,,,,,,,,,,,,,,,,,,,,,,,,,
,,,,47605,6,,,,,,,,,,,,,,,,,,,,,,,,,,,,,,
,,,,47706,6,,,,,,,,,,,,,,,,,,,,,,,,,,,,,,
,,,,47806,6,,,,,,,,,,,,,,,,,,,,,,,,,,,,,,
,,,,47907,6,,,,,,,,,,,,,,,,,,,,,,,,,,,,,,
,,,,48006,6,,,,,,,,,,,,,,,,,,,,,,,,,,,,,,
,,,,48107,6,,,,,,,,,,,,,,,,,,,,,,,,,,,,,,
,,,,48172,3,,,,,,,,,,,,,,,,,,,,,,,,,,,,,,
,,,,48207,3,,,,,,,,,,,,,,,,,,,,,,,,,,,,,,
,,,,48308,3,,,,,,,,,,,,,,,,,,,,,,,,,,,,,,
,,,,48409,3,,,,,,,,,,,,,,,,,,,,,,,,,,,,,,
,,,,48510,3,,,,,,,,,,,,,,,,,,,,,,,,,,,,,,
