App,Package,Start Time,Duration,Filename
"Messenger",com.facebook.orca,"Apr 19, 2017 @ 04:47:09 PM","27 sec",""

Time  [ms],"CPU1 Frequency [kHz]",Time  [ms],"CPU1 Load [%]",Time  [ms],"Mobile Data State",Time  [ms],"CPU2 Frequency [kHz]",Time  [ms],"CPU2 Load [%]",Time  [ms],"CPU3 Frequency [kHz]",Time  [ms],"CPU3 Load [%]",Time  [ms],"Screen Brightness",Time  [ms],"CPU4 Frequency [kHz]",Time  [ms],"CPU4 Load [%]",Time  [ms],"CPU5 Frequency [kHz]",Time  [ms],"CPU5 Load [%]",Time  [ms],"Battery Power* [uW]",Time  [ms],"CPU6 Frequency [kHz]",Time  [ms],"CPU6 Load [%]",Time  [ms],"Battery Status",Time  [ms],"GPU Frequency [KHz]",Time  [ms],"GPU Load [%]",
0,1440000,2,25,2,0,3,1440000,5,25,6,1440000,8,20,9,0,10,1440000,15,4,15,633600,17,4,18,473745,18,633600,20,0,20,0,21,0,21,0,
101,1440000,103,50,103,0,104,1440000,107,50,107,1440000,109,44,110,0,111,1440000,113,20,113,633600,115,0,116,1034380,116,633600,118,0,109,0,119,0,119,0,
202,1440000,204,83,108,3,207,1440000,209,100,209,1440000,215,90,216,0,217,1440000,219,72,220,633600,222,40,222,2246115,223,633600,225,36,118,0,226,0,227,0,
302,1440000,304,87,124,3,305,1440000,307,77,308,1440000,310,50,314,0,315,1440000,317,25,317,633600,322,0,322,1570539,322,633600,325,0,225,0,325,0,326,0,
402,1440000,404,50,205,3,405,1440000,406,44,406,1440000,408,63,409,0,409,1440000,411,30,412,633600,414,11,414,1198732,414,633600,416,0,325,0,417,0,417,0,
503,1440000,505,41,305,3,506,1440000,508,40,509,1440000,511,22,512,0,513,1440000,515,18,515,633600,517,0,518,763171,518,633600,521,0,416,0,521,0,522,0,
605,1440000,607,14,404,3,607,1440000,609,22,610,1440000,612,40,613,0,613,1440000,619,30,620,633600,622,9,622,684342,622,633600,624,0,521,0,625,0,626,0,
705,1440000,710,60,505,3,713,1440000,715,63,715,1440000,717,90,718,0,719,1440000,721,40,721,633600,723,11,723,1615007,723,633600,725,10,624,0,726,0,726,0,
807,1440000,809,62,607,3,809,1440000,813,60,813,1440000,815,33,815,0,816,1440000,817,11,818,633600,819,0,819,1064528,820,633600,822,0,725,0,823,0,824,0,
907,1440000,909,40,711,3,910,1248000,912,10,912,1248000,914,10,915,0,915,1248000,917,8,918,633600,919,0,919,391924,920,633600,922,0,822,0,922,0,923,0,
1007,1248000,1009,30,744,4,1010,1248000,1012,27,1012,1248000,1014,11,1015,0,1016,1248000,1017,0,1018,633600,1019,0,1020,339116,1020,633600,1022,0,922,0,1023,0,1023,0,
1108,1248000,1109,40,809,4,1110,1248000,1112,11,1112,1248000,1114,27,1115,0,1115,1248000,1117,9,1118,633600,1119,0,1119,433869,1120,633600,1122,0,1022,0,1122,0,1123,0,
1208,1248000,1210,30,909,4,1211,1248000,1213,20,1214,1248000,1215,10,1216,0,1217,1248000,1218,0,1219,633600,1221,0,1221,299220,1221,633600,1223,0,1122,0,1224,0,1225,0,
1309,1248000,1312,40,1009,4,1312,1248000,1314,0,1315,1248000,1317,20,1317,0,1318,1248000,1320,0,1320,633600,1322,0,1322,299220,1322,633600,1324,0,1224,0,1325,0,1325,0,
1410,1248000,1412,22,1110,4,1413,1248000,1415,0,1415,1248000,1417,12,1418,0,1418,1248000,1420,0,1421,633600,1423,0,1423,169558,1423,633600,1425,0,1324,0,1426,0,1427,0,
1510,960000,1518,30,1211,4,1518,960000,1520,25,1521,960000,1523,18,1524,0,1524,960000,1526,0,1527,633600,1529,0,1529,239673,1530,633600,1532,0,1426,0,1533,0,1533,0,
1611,960000,1615,55,1312,4,1617,960000,1619,12,1620,960000,1623,20,1624,0,1624,960000,1626,0,1627,633600,1630,0,1630,285638,1631,633600,1633,0,1532,0,1634,0,1635,0,
1713,960000,1716,40,1412,4,1716,960000,1718,20,1719,960000,1721,30,1722,0,1722,960000,1724,0,1725,633600,1726,0,1727,295488,1727,633600,1730,0,1633,0,1731,0,1731,0,
1812,1248000,1816,33,1518,4,1816,1248000,1818,11,1819,1248000,1820,30,1821,0,1822,1248000,1823,0,1824,633600,1826,0,1826,369038,1826,633600,1828,0,1730,0,1829,0,1830,0,
1914,1248000,1916,54,1616,4,1919,1248000,1922,36,1924,1248000,1926,40,1927,0,1927,1248000,1929,27,1930,633600,1932,10,1933,800493,1934,633600,1936,0,1829,0,1937,0,1938,0,
2014,1440000,2016,55,1705,6,2017,1440000,2019,37,2020,1440000,2023,54,2024,0,2025,1440000,2027,22,2028,633600,2030,0,2030,1059609,2031,633600,2033,0,1936,0,2034,0,2035,0,
2165,1440000,2167,80,1716,6,2168,1440000,2172,86,2172,1440000,2174,86,2175,0,2177,1440000,2180,40,2180,633600,2182,26,2182,1887288,2183,633600,2184,14,2033,0,2185,0,2185,0,
2265,1440000,2267,100,1816,6,2267,1440000,2269,77,2269,1440000,2271,87,2272,0,2272,1440000,2273,33,2274,633600,2275,62,2275,2006489,2275,633600,2277,88,2184,0,2278,0,2278,0,
2366,1440000,2368,75,1917,6,2369,1440000,2371,60,2371,1440000,2373,45,2374,0,2375,1440000,2376,12,2376,633600,2379,22,2379,1403845,2379,633600,2381,100,2277,0,2382,0,2383,0,
2417,1440000,2419,66,2016,6,2420,1440000,2422,40,2423,1440000,2424,100,2425,0,2425,1440000,2427,33,2429,633600,2431,0,2431,1682750,2432,633600,2434,100,2381,0,2435,0,2436,0,
2568,1440000,2570,75,2167,6,2571,1440000,2572,76,2573,1440000,2575,60,2576,0,2577,1440000,2580,38,2580,633600,2586,46,2586,1826474,2587,633600,2589,28,2434,0,2589,0,2590,0,
2618,1440000,2620,100,2267,6,2620,1440000,2622,75,2622,1440000,2624,100,2625,0,2625,1440000,2627,25,2627,633600,2631,20,2631,1976318,2632,633600,2633,0,2589,0,2634,0,2635,0,
2769,1440000,2771,78,2368,6,2772,1440000,2773,100,2774,1440000,2775,62,2776,0,2776,1440000,2786,35,2787,633600,2788,26,2789,1780065,2789,633600,2791,14,2633,0,2792,0,2793,0,
2869,1440000,2871,88,2419,6,2872,1440000,2873,88,2874,1440000,2875,100,2876,0,2876,1440000,2878,37,2878,633600,2880,37,2880,2063571,2881,633600,2883,33,2791,0,2884,0,2884,0,
2970,1440000,2972,44,2570,6,2973,1440000,2974,40,2975,1440000,2976,30,2977,0,2978,1440000,2979,0,2980,633600,2981,0,2982,776879,2982,633600,2983,0,2883,0,2984,0,2984,0,
3020,1440000,3022,66,2620,6,3022,1440000,3024,25,3025,1440000,3026,25,3026,0,3027,1440000,3029,20,3029,633600,3031,0,3031,857779,3031,633600,3033,0,2983,0,3033,0,3034,0,
3121,1440000,3122,30,2703,3,3123,1440000,3124,30,3125,1440000,3126,22,3127,0,3127,1440000,3129,18,3130,633600,3131,0,3132,630719,3132,633600,3134,0,3033,0,3135,0,3135,0,
3222,1248000,3223,25,2771,3,3224,1248000,3226,20,3227,1248000,3229,27,3230,0,3230,1248000,3233,0,3233,633600,3235,0,3235,359064,3236,633600,3238,0,3134,0,3239,0,3239,0,
3322,1248000,3324,44,2871,3,3324,1248000,3326,33,3326,1248000,3328,30,3329,0,3330,1248000,3333,10,3334,633600,3335,0,3336,583479,3337,633600,3339,0,3238,0,3339,0,3340,0,
3422,1440000,3424,44,2973,3,3425,1440000,3426,30,3426,1440000,3428,10,3429,0,3429,1440000,3431,11,3433,633600,3435,10,3435,616716,3435,633600,3437,0,3339,0,3437,0,3438,0,
3523,1440000,3524,33,3022,3,3525,1440000,3526,30,3527,1440000,3529,11,3530,0,3530,1440000,3532,10,3533,633600,3535,0,3535,529804,3535,633600,3537,0,3437,0,3538,0,3538,0,
3624,787200,3627,44,3123,3,3629,787200,3631,44,3632,787200,3635,54,3637,0,3638,787200,3642,0,3643,633600,3646,0,3647,343663,3648,633600,3649,0,3537,0,3650,0,3650,0,
3724,1248000,3726,77,3223,3,3727,1248000,3729,60,3734,1248000,3736,55,3737,0,3737,1248000,3739,30,3741,633600,3743,0,3743,1107115,3744,633600,3746,0,3649,0,3747,0,3747,0,
3825,1440000,3826,55,3324,3,3827,1440000,3832,33,3833,1440000,3835,37,3835,0,3836,1440000,3838,30,3839,633600,3841,0,3841,977616,3841,633600,3843,0,3746,0,3844,0,3844,0,
3925,1440000,3928,62,3424,3,3929,1440000,3931,50,3932,1440000,3934,54,3935,0,3935,1440000,3937,33,3938,633600,3940,0,3940,1255132,3940,633600,3942,0,3843,0,3943,0,3943,0,
4026,1440000,4030,44,3525,3,4031,1440000,4033,40,4034,1440000,4036,33,4037,0,4037,1440000,4039,0,4040,633600,4045,0,4046,737942,4046,633600,4049,0,3942,0,4050,0,4051,0,
4126,1440000,4129,60,3627,3,4130,1440000,4132,45,4133,1440000,4136,33,4137,0,4137,1440000,4139,20,4140,633600,4142,0,4142,996537,4143,633600,4145,0,4049,0,4147,0,4147,0,
4227,1440000,4230,50,3726,3,4231,1440000,4234,44,4235,1440000,4237,30,4238,0,4238,1440000,4240,0,4241,633600,4243,9,4244,797872,4244,633600,4247,0,4145,0,4248,0,4249,0,
4329,1440000,4332,45,3827,3,4333,1440000,4335,50,4336,1440000,4338,40,4339,0,4339,1440000,4341,18,4341,633600,4343,0,4343,965001,4344,633600,4349,0,4248,0,4349,0,4350,0,
4428,1440000,4430,44,3928,3,4431,1440000,4433,30,4434,1248000,4437,40,4438,0,4438,1248000,4442,20,4443,633600,4444,0,4445,765953,4445,633600,4447,0,4349,0,4448,0,4448,0,
4529,1440000,4531,42,4030,3,4533,1440000,4536,50,4537,1440000,4539,50,4540,0,4540,1440000,4542,0,4542,633600,4544,0,4544,895622,4548,633600,4551,0,4447,0,4553,0,4554,0,
4631,1440000,4632,91,4129,3,4635,1440000,4637,90,4637,1440000,4639,75,4640,0,4640,1440000,4644,33,4645,633600,4647,20,4648,1857846,4648,633600,4651,22,4552,0,4652,0,4652,0,
4731,1440000,4733,66,4230,3,4734,1440000,4736,80,4737,1440000,4738,80,4739,0,4740,1440000,4742,33,4742,633600,4745,22,4745,1710709,4746,633600,4750,0,4651,0,4751,0,4752,0,
4834,1440000,4835,80,4333,3,4836,1440000,4838,66,4838,1440000,4840,90,4841,0,4841,1440000,4842,33,4843,633600,4844,20,4844,1731702,4845,633600,4846,11,4750,0,4847,0,4848,0,
4933,1440000,4936,90,4431,3,4936,1440000,4939,77,4939,1440000,4941,100,4942,0,4943,1440000,4945,60,4945,633600,4948,63,4948,2192198,4949,633600,4952,45,4846,0,4953,0,4953,0,
5035,1440000,5037,100,4532,3,5038,1440000,5040,100,5040,1440000,5043,100,5044,0,5050,1440000,5052,88,5053,633600,5055,87,5055,2678628,5056,633600,5058,70,4952,0,5059,0,5060,0,
5135,1440000,5136,90,4633,3,5137,1440000,5139,90,5139,1440000,5142,100,5143,0,5147,1440000,5149,100,5150,633600,5151,81,5151,2661483,5152,633600,5154,62,5058,0,5154,0,5155,0,
5235,1440000,5238,100,4733,3,5239,1440000,5241,100,5241,1440000,5243,83,5244,0,5244,1440000,5247,81,5248,633600,5250,100,5250,2579855,5251,633600,5253,90,5154,0,5254,0,5254,0,
5336,1440000,5338,90,4836,3,5339,1440000,5340,100,5341,1440000,5342,90,5343,0,5343,1440000,5350,77,5351,633600,5352,100,5353,2584797,5353,633600,5354,100,5253,0,5355,0,5356,0,
5437,1440000,5439,90,4936,3,5439,1440000,5441,81,5441,1440000,5443,100,5448,0,5449,1440000,5452,90,5452,633600,5456,91,5456,2611779,5456,633600,5458,100,5355,0,5459,0,5460,0,
5537,1440000,5542,83,5038,3,5543,1440000,5549,87,5550,1440000,5553,72,5554,0,5554,1440000,5556,60,5557,633600,5558,90,5559,2237901,5559,633600,5564,100,5459,0,5565,0,5566,0,
5638,1440000,5640,66,5136,3,5640,1440000,5642,80,5642,1440000,5645,77,5645,0,5646,1440000,5648,66,5649,633600,5651,100,5651,2173440,5651,633600,5653,90,5564,0,5654,0,5655,0,
5738,1440000,5740,72,5238,3,5741,1440000,5742,90,5743,1440000,5749,77,5750,0,5750,1440000,5752,60,5752,633600,5754,90,5754,2201446,5755,633600,5757,77,5653,0,5758,0,5758,0,
5839,1440000,5841,50,5338,3,5842,1440000,5844,54,5845,1440000,5847,60,5848,0,5848,1440000,5851,66,5851,633600,5853,50,5854,1673324,5854,633600,5856,30,5757,0,5856,0,5857,0,
5940,1440000,5942,44,5439,3,5943,1440000,5952,30,5953,1440000,5956,41,5957,0,5958,1440000,5961,16,5962,633600,5965,0,5966,878842,5967,633600,5969,0,5856,0,5971,0,5971,0,
6041,1440000,6042,63,5542,3,6043,1440000,6045,40,6046,1440000,6048,50,6049,0,6050,1440000,6053,12,6054,633600,6056,0,6056,1040688,6056,633600,6058,0,5970,0,6059,0,6060,0,
6141,1440000,6143,66,5640,3,6144,1440000,6145,77,6146,1440000,6148,40,6149,0,6149,1440000,6152,20,6152,633600,6155,0,6155,1280361,6155,633600,6157,0,6059,0,6158,0,6159,0,
6242,1440000,6245,50,5707,6,6245,1440000,6249,45,6250,1440000,6252,36,6253,0,6253,1440000,6255,0,6255,633600,6257,0,6257,826243,6258,633600,6260,0,6158,0,6261,0,6261,0,
6342,1440000,6344,30,5740,6,6345,1440000,6346,27,6347,1440000,6348,33,6349,0,6349,1440000,6351,0,6351,633600,6352,0,6353,567648,6353,633600,6354,0,6260,0,6355,0,6355,0,
6443,1248000,6446,20,5841,6,6447,1248000,6449,10,6450,1248000,6451,10,6452,0,6454,1248000,6455,0,6456,633600,6457,0,6458,199480,6458,633600,6459,0,6354,0,6460,0,6462,0,
6544,1248000,6546,30,5943,6,6547,1248000,6549,11,6550,1248000,6551,11,6552,0,6553,1248000,6554,0,6555,633600,6556,0,6556,259324,6557,633600,6560,0,6460,0,6562,0,6563,0,
6646,1440000,6649,45,6043,6,6650,1440000,6653,20,6654,1440000,6656,36,6658,0,6659,1440000,6662,27,6663,633600,6665,0,6665,807321,6666,633600,6667,0,6560,0,6668,0,6668,0,
6747,1440000,6749,72,6143,6,6749,1440000,6751,54,6752,1440000,6754,66,6755,0,6756,1440000,6757,0,6758,633600,6759,42,6760,1284620,6760,633600,6762,30,6667,0,6762,0,6763,0,
6847,1440000,6849,44,6245,6,6850,1440000,6852,66,6852,1440000,6854,22,6854,0,6855,1440000,6857,9,6857,633600,6859,18,6860,973473,6860,633600,6865,0,6762,0,6866,0,6866,0,
6949,1440000,6951,50,6344,6,6952,1440000,6954,50,6955,1440000,6957,88,6957,0,6958,1440000,6959,0,6960,633600,6964,0,6964,1185753,6964,633600,6966,0,6865,0,6968,0,6969,0,
7051,1440000,7053,22,6447,6,7054,1440000,7055,22,7056,1440000,7057,27,7058,0,7058,1440000,7060,20,7060,633600,7062,0,7062,573955,7063,633600,7065,0,6967,0,7066,0,7067,0,
7152,1440000,7154,63,6547,6,7155,1440000,7158,20,7158,1440000,7160,36,7161,0,7165,1440000,7168,0,7169,633600,7171,0,7171,750556,7172,633600,7173,0,7065,0,7174,0,7175,0,
7254,1440000,7256,37,6649,6,7257,1440000,7259,36,7262,1440000,7264,11,7265,0,7265,1440000,7268,30,7269,633600,7270,9,7271,734800,7271,633600,7273,0,7174,0,7273,0,7274,0,
7354,1440000,7356,33,6710,3,7356,1440000,7358,20,7359,1440000,7361,30,7363,0,7364,1440000,7367,0,7368,633600,7370,0,7370,523497,7370,633600,7372,0,7273,0,7373,0,7373,0,
7454,1440000,7456,22,6749,3,7457,1440000,7459,27,7460,1440000,7465,18,7467,0,7469,1440000,7473,16,7474,633600,7476,0,7476,523497,7477,633600,7478,0,7372,0,7479,0,7479,0,
7555,1440000,7558,30,6849,3,7559,1440000,7562,20,7563,1440000,7566,33,7567,0,7568,1440000,7571,22,7571,633600,7573,10,7573,679788,7574,633600,7575,0,7478,0,7576,0,7576,0,
7655,1440000,7657,60,6951,3,7657,1440000,7659,45,7659,1440000,7665,80,7667,0,7668,1440000,7672,10,7673,633600,7675,22,7675,1268476,7676,633600,7680,0,7575,0,7681,0,7681,0,
7756,1440000,7758,50,7053,3,7759,1440000,7760,37,7761,1440000,7764,50,7766,0,7766,1440000,7769,25,7769,633600,7771,0,7771,1021766,7771,633600,7773,0,7680,0,7773,0,7774,0,
7857,1440000,7858,22,7154,3,7859,1440000,7862,41,7862,1440000,7866,27,7867,0,7867,1440000,7870,0,7871,633600,7873,0,7874,567648,7874,633600,7878,0,7773,0,7879,0,7880,0,
7958,1440000,7959,44,7256,3,7960,1440000,7963,11,7966,1440000,7967,36,7968,0,7969,1440000,7970,18,7971,633600,7972,9,7972,703264,7973,633600,7975,0,7878,0,7975,0,7976,0,
8059,1248000,8060,25,7356,3,8061,1248000,8062,11,8063,1248000,8065,12,8066,0,8067,1248000,8068,0,8069,633600,8070,10,8070,256909,8071,633600,8072,0,7975,0,8073,0,8074,0,
8159,1248000,8163,18,7457,3,8164,1248000,8166,11,8166,1248000,8168,20,8169,0,8169,1248000,8171,0,8171,633600,8173,0,8174,244363,8174,633600,8176,0,8073,0,8176,0,8177,0,
8262,1248000,8264,22,7558,3,8265,1248000,8269,10,8270,1248000,8274,9,8275,0,8276,1248000,8278,0,8278,633600,8281,0,8281,204467,8282,633600,8284,0,8176,0,8285,0,8285,0,
8362,1248000,8364,41,7657,3,8365,1248000,8367,20,8368,1248000,8370,11,8371,0,8371,1248000,8374,0,8374,633600,8377,0,8377,359064,8377,633600,8380,0,8284,0,8381,0,8382,0,
8463,1440000,8466,25,7758,3,8466,1440000,8468,27,8469,1248000,8473,27,8474,0,8474,1248000,8477,9,8477,633600,8479,0,8479,507506,8480,633600,8482,0,8380,0,8483,0,8483,0,
8567,1440000,8569,55,7859,3,8569,1440000,8571,60,8571,1440000,8573,70,8574,0,8574,1440000,8576,20,8576,633600,8578,33,8579,1350834,8579,633600,8581,0,8482,0,8582,0,8582,0,
8665,1440000,8667,90,7960,3,8668,1440000,8670,75,8670,1440000,8672,60,8672,0,8673,1440000,8675,22,8676,633600,8677,30,8678,1610477,8678,633600,8680,0,8581,0,8683,0,8683,0,
8767,1440000,8769,100,8060,3,8770,1440000,8773,100,8774,1440000,8776,100,8777,0,8778,1440000,8782,44,8783,633600,8785,70,8785,2292407,8786,633600,8788,50,8682,0,8789,0,8789,0,
8868,1440000,8870,75,8163,3,8871,1440000,8873,90,8874,1440000,8876,77,8877,0,8878,1440000,8882,40,8883,633600,8885,60,8885,1971493,8886,633600,8888,30,8788,0,8889,0,8890,0,
8969,1440000,8970,100,8265,3,8971,1440000,8973,83,8974,1440000,8976,90,8976,0,8977,1440000,8978,55,8979,633600,8981,80,8981,2261624,8982,633600,8983,77,8889,0,8984,0,8985,0,
9069,1440000,9071,100,8364,3,9072,1440000,9073,90,9074,1440000,9075,72,9076,0,9076,1440000,9078,50,9078,633600,9080,71,9080,2227334,9081,633600,9082,80,8984,0,9083,0,9084,0,
9170,1440000,9172,100,8466,3,9172,1440000,9174,100,9175,1440000,9176,90,9177,0,9178,1440000,9179,55,9180,633600,9182,66,9182,2431965,9183,633600,9185,50,9083,0,9186,0,9186,0,
9270,1440000,9272,100,8569,3,9273,1440000,9274,90,9275,1440000,9277,90,9277,0,9278,1440000,9284,60,9285,633600,9288,80,9289,2372376,9289,633600,9295,66,9185,0,9296,0,9296,0,
9371,1440000,9373,100,8667,3,9373,1440000,9375,90,9375,1440000,9377,88,9378,0,9378,1440000,9380,62,9380,633600,9382,87,9382,2412702,9384,633600,9390,70,9295,0,9391,0,9391,0,
9471,1440000,9473,100,8724,4,9474,1440000,9475,90,9475,1440000,9477,100,9478,0,9478,1440000,9480,54,9480,633600,9482,44,9482,2369552,9483,633600,9484,25,9390,0,9485,0,9486,0,
9572,1440000,9574,90,8769,4,9575,1440000,9577,100,9577,1440000,9579,90,9580,0,9580,1440000,9583,55,9583,633600,9585,50,9585,2244409,9586,633600,9588,33,9485,0,9589,0,9589,0,
9672,1440000,9674,63,8870,4,9675,1440000,9676,70,9677,1440000,9678,54,9679,0,9679,1440000,9681,0,9682,633600,9684,20,9684,1272371,9685,633600,9686,27,9588,0,9687,0,9688,0,
9773,1440000,9774,25,8971,4,9775,1440000,9776,22,9776,1440000,9778,33,9778,0,9779,1440000,9780,22,9781,633600,9782,100,9782,866003,9783,633600,9784,0,9686,0,9785,0,9786,0,
9874,1440000,9877,60,9071,4,9881,1440000,9885,66,9885,1440000,9887,60,9888,0,9888,1440000,9890,20,9891,633600,9892,50,9892,1386948,9893,633600,9895,40,9785,0,9895,0,9896,0,
9974,1440000,9976,66,9172,4,9977,1440000,9979,66,9979,1440000,9981,54,9982,0,9982,1440000,9985,30,9986,633600,9988,11,9988,1451773,9988,633600,9990,0,9895,0,9991,0,9992,0,
10074,1440000,10077,80,9272,4,10078,1440000,10079,70,10079,1440000,10081,70,10082,0,10082,1440000,10084,72,10084,633600,10086,11,10086,1860988,10087,633600,10088,11,9991,0,10089,0,10090,0,
10177,1440000,10178,70,9373,4,10179,1440000,10180,72,10181,1440000,10182,80,10183,0,10183,1440000,10185,44,10185,633600,10186,60,10186,1802199,10187,633600,10188,44,10089,0,10189,0,10189,0,
10277,1440000,10279,22,9473,4,10279,1440000,10280,22,10281,1440000,10282,20,10283,0,10283,1440000,10285,9,10285,633600,10286,11,10287,556856,10287,633600,10288,100,10188,0,10289,0,10289,0,
10378,600000,10381,12,9574,4,10382,600000,10384,22,10385,600000,10388,30,10389,0,10390,460800,10393,0,10394,633600,10397,0,10398,279009,10398,633600,10402,9,10289,0,10402,0,10403,0,
10479,460800,10482,40,9674,4,10484,460800,10487,22,10488,460800,10491,45,10492,0,10493,460800,10496,0,10497,633600,10500,0,10500,135178,10501,633600,10504,0,10402,0,10505,0,10506,0,
10579,384000,10585,33,9723,6,10586,384000,10590,40,10591,384000,10596,36,10597,0,10598,600000,10601,0,10602,633600,10605,0,10605,94929,10606,633600,10610,0,10504,0,10611,0,10612,0,
10680,787200,10683,50,9774,6,10684,787200,10687,33,10687,787200,10689,30,10690,0,10691,787200,10693,0,10694,633600,10696,0,10697,273478,10698,633600,10701,0,10610,0,10702,0,10703,0,
10781,960000,10783,44,9877,6,10784,960000,10786,30,10786,960000,10788,25,10789,0,10789,960000,10792,50,10792,633600,10794,0,10795,489196,10795,633600,10798,0,10701,0,10799,0,10799,0,
10881,960000,10884,30,9976,6,10884,960000,10886,40,10887,960000,10889,30,10890,0,10891,960000,10892,0,10893,633600,10895,0,10895,328320,10896,633600,10898,0,10798,0,10899,0,10900,0,
10983,384000,10987,30,10077,6,10989,384000,10992,33,10994,460800,10998,54,10999,0,11000,460800,11005,0,11006,633600,11009,0,11009,115124,11010,633600,11013,0,10898,0,11015,0,11015,0,
11083,960000,11085,44,10178,6,11086,960000,11089,44,11089,960000,11092,37,11093,0,11094,960000,11098,0,11098,633600,11103,0,11103,410400,11104,633600,11106,0,11014,0,11108,0,11109,0,
11185,600000,11188,33,10279,6,11189,600000,11192,30,11195,460800,11199,22,11201,0,11202,460800,11206,0,11209,633600,11212,0,11212,126609,11213,633600,11216,0,11106,0,11217,0,11218,0,
11286,600000,11289,63,10381,6,11290,600000,11293,30,11294,600000,11297,40,11298,0,11299,600000,11302,9,11302,633600,11306,0,11306,230040,11307,633600,11309,0,11216,0,11311,0,11312,0,
11386,960000,11389,66,10483,6,11390,960000,11392,50,11392,960000,11394,63,11395,0,11395,960000,11398,0,11398,633600,11400,0,11400,587692,11401,633600,11403,0,11310,0,11404,0,11404,0,
11487,864000,11490,30,10585,6,11491,864000,11493,40,11494,864000,11496,22,11497,0,11498,864000,11500,0,11501,633600,11503,0,11503,256587,11504,633600,11506,0,11403,0,11507,0,11508,0,
11588,384000,11593,22,10683,6,11594,384000,11598,30,11599,384000,11604,36,11605,0,11606,600000,11609,0,11610,633600,11614,0,11614,76640,11615,633600,11618,0,11506,0,11619,0,11620,0,
11690,384000,11694,44,10727,3,11695,384000,11699,45,11701,384000,11705,60,11706,0,11707,960000,11710,10,11711,633600,11715,0,11715,162597,11716,633600,11722,0,11618,0,11723,0,11724,0,
11790,1248000,11792,55,10783,3,11793,1248000,11797,50,11798,1248000,11801,50,11802,0,11803,1248000,11806,37,11807,633600,11809,0,11810,957505,11810,633600,11814,0,11722,0,11815,0,11816,0,
11891,1440000,11893,60,10884,3,11893,1440000,11895,55,11896,1440000,11898,33,11899,0,11900,1440000,11902,20,11902,633600,11904,0,11905,1059609,11905,633600,11907,0,11814,0,11908,0,11909,0,
11991,1440000,11993,44,10988,3,11994,1440000,11995,44,11996,1440000,11997,40,11998,0,11999,1440000,12000,11,12001,633600,12002,0,12003,876700,12003,633600,12005,0,11907,0,12005,0,12006,0,
12092,960000,12095,30,11086,3,12095,960000,12097,45,12098,960000,12100,0,12101,0,12102,960000,12104,0,12105,633600,12107,0,12107,246240,12108,633600,12111,0,12005,0,12112,0,12112,0,
12194,600000,12197,25,11188,3,12198,600000,12201,33,12202,600000,12205,38,12206,0,12207,600000,12210,9,12211,633600,12215,0,12215,170100,12216,633600,12218,0,12111,0,12220,0,12220,0,
12295,960000,12297,44,11289,3,12297,960000,12299,54,12300,960000,12302,12,12303,0,12304,960000,12306,0,12306,633600,12309,0,12309,361152,12310,633600,12313,0,12219,0,12315,0,12315,0,
12396,960000,12399,50,11389,3,12400,960000,12403,66,12404,960000,12409,36,12410,0,12412,960000,12414,22,12414,633600,12416,10,12417,588809,12417,633600,12419,0,12314,0,12420,0,12421,0,
12497,1248000,12499,63,11490,3,12500,1248000,12502,70,12502,1440000,12505,60,12505,0,12506,1440000,12507,50,12508,633600,12510,40,12510,1427195,12511,633600,12512,0,12419,0,12513,0,12514,0,
12598,1440000,12599,50,11593,3,12600,1440000,12602,25,12602,1440000,12604,50,12604,0,12605,1440000,12606,0,12606,633600,12608,20,12608,823465,12609,633600,12610,0,12512,0,12611,0,12612,0,
12699,1440000,12702,81,11694,3,12702,1440000,12704,70,12705,1440000,12708,60,12709,0,12710,1440000,12715,45,12716,633600,12718,0,12719,1614643,12719,633600,12721,0,12610,0,12722,0,12722,0,
12800,1440000,12802,66,11792,3,12803,1440000,12804,55,12805,1440000,12806,60,12807,0,12807,1440000,12809,33,12809,633600,12811,0,12811,1349740,12812,633600,12814,0,12721,0,12815,0,12815,0,
12899,1440000,12901,33,11893,3,12902,1440000,12904,37,12904,1440000,12906,44,12907,0,12908,1440000,12910,0,12911,633600,12913,0,12913,719020,12914,633600,12915,0,12814,0,12916,0,12917,0,
13000,1440000,13002,60,11993,3,13003,1440000,13004,30,13005,1440000,13006,45,13007,0,13008,1440000,13009,0,13009,633600,13013,0,13013,851472,13014,633600,13016,0,12916,0,13017,0,13018,0,
13101,1440000,13104,72,12095,3,13105,1440000,13106,50,13107,1440000,13108,33,13109,0,13109,1440000,13112,10,13113,633600,13115,0,13115,1040688,13116,633600,13117,0,13016,0,13118,0,13118,0,
13201,1440000,13203,25,12198,3,13204,1440000,13205,37,13205,1440000,13207,22,13207,0,13208,1440000,13209,0,13210,633600,13213,0,13213,529804,13214,633600,13216,0,13117,0,13216,0,13217,0,
13302,1440000,13304,12,12297,3,13305,1248000,13306,30,13307,1248000,13309,20,13309,0,13310,1248000,13311,0,13311,633600,13313,0,13313,325036,13314,633600,13315,0,13216,0,13316,0,13316,0,
13402,1440000,13404,40,12399,3,13405,1440000,13406,30,13406,1440000,13408,11,13409,0,13409,1440000,13411,0,13411,633600,13412,0,13413,510883,13413,633600,13415,0,13315,0,13415,0,13416,0,
13504,1248000,13506,11,12499,3,13506,1248000,13508,36,13509,1248000,13510,10,13511,0,13512,1248000,13513,0,13514,633600,13515,0,13516,284259,13516,633600,13518,0,13415,0,13519,0,13520,0,
13605,1248000,13606,45,12600,3,13607,1248000,13608,25,13609,1248000,13611,22,13611,0,13612,1248000,13613,10,13614,633600,13616,0,13616,508674,13617,633600,13619,0,13518,0,13619,0,13620,0,
13705,1248000,13707,41,12702,3,13708,1248000,13709,20,13710,1248000,13712,30,13712,0,13713,1248000,13715,0,13715,633600,13717,0,13717,453817,13718,633600,13719,0,13619,0,13720,0,13721,0,
13806,1248000,13808,33,12750,6,13808,1248000,13810,30,13811,1248000,13813,30,13813,0,13814,1248000,13816,0,13816,633600,13818,0,13819,463791,13819,633600,13821,0,13719,0,13822,0,13822,0,
13906,1440000,13907,50,12802,6,13908,1440000,13909,30,13910,1440000,13912,44,13913,0,13913,1440000,13915,0,13916,633600,13918,0,13918,782092,13918,633600,13920,0,13821,0,13921,0,13922,0,
14006,1440000,14008,25,12902,6,14009,1440000,14011,27,14011,1440000,14013,30,14014,0,14014,1440000,14016,0,14016,633600,14018,0,14019,517190,14019,633600,14021,0,13920,0,14022,0,14022,0,
14107,1440000,14109,0,13002,6,14109,1440000,14111,30,14112,1440000,14114,20,14114,0,14115,1440000,14117,0,14117,633600,14119,0,14119,315360,14119,633600,14121,0,14021,0,14122,0,14123,0,
14208,1440000,14210,55,13104,6,14211,1440000,14213,60,14214,1440000,14215,44,14216,0,14217,1440000,14219,22,14219,633600,14222,0,14222,1141603,14222,633600,14224,0,14121,0,14225,0,14225,0,
14309,1440000,14313,50,13203,6,14314,1440000,14316,50,14316,1440000,14319,30,14319,0,14320,1440000,14323,10,14323,633600,14325,0,14326,883008,14326,633600,14328,0,14224,0,14330,0,14330,0,
14410,1440000,14412,37,13304,6,14413,1440000,14414,58,14415,1440000,14417,50,14418,0,14418,1440000,14420,20,14421,633600,14422,0,14423,1040688,14423,633600,14425,0,14329,0,14426,0,14426,0,
14510,1440000,14512,30,13404,6,14513,1440000,14514,40,14515,1440000,14517,30,14518,0,14519,1440000,14520,33,14521,633600,14522,0,14523,838857,14523,633600,14525,0,14425,0,14526,0,14526,0,
14611,1440000,14613,22,13506,6,14614,1440000,14615,40,14616,1440000,14617,20,14618,0,14619,1440000,14620,0,14621,633600,14623,0,14623,517190,14624,633600,14626,0,14525,0,14627,0,14628,0,
14712,1248000,14714,30,13606,6,14715,1248000,14716,30,14717,1248000,14719,0,14720,0,14721,1248000,14722,0,14723,633600,14725,0,14725,299220,14726,633600,14727,0,14626,0,14728,0,14729,0,
14812,1440000,14814,40,13707,6,14815,1440000,14816,44,14816,1440000,14818,40,14819,0,14819,1440000,14821,10,14821,633600,14823,0,14823,845164,14823,633600,14825,0,14728,0,14825,0,14826,0,
14915,1440000,14917,50,13766,3,14918,1440000,14920,66,14923,1440000,14926,54,14927,0,14927,1440000,14929,22,14930,633600,14935,18,14935,1242541,14935,633600,14938,0,14825,0,14939,0,14940,0,
15016,1440000,15018,90,13808,3,15018,1440000,15020,80,15021,1440000,15022,88,15023,0,15024,1440000,15025,88,15026,633600,15028,25,15028,2226123,15028,633600,15032,30,14939,0,15033,0,15034,0,
15116,1440000,15118,80,13908,3,15119,1440000,15121,100,15122,1440000,15123,100,15124,0,15125,1440000,15127,50,15129,633600,15132,33,15132,2191833,15132,633600,15134,11,15033,0,15135,0,15136,0,
15217,1440000,15219,80,14009,3,15221,1440000,15222,77,15223,1440000,15225,63,15226,0,15227,1440000,15230,60,15231,633600,15232,0,15233,1785302,15233,633600,15235,9,15134,0,15236,0,15236,0,
15321,1440000,15323,70,14109,3,15325,1440000,15334,60,15335,1440000,15336,50,15337,0,15337,1440000,15339,45,15339,633600,15341,16,15341,1462952,15341,633600,15343,0,15235,0,15343,0,15344,0,
15421,1440000,15423,50,14210,3,15424,1440000,15425,37,15425,1440000,15427,30,15428,0,15428,1440000,15430,11,15432,633600,15434,0,15434,807321,15434,633600,15436,0,15343,0,15437,0,15437,0,
15522,1440000,15524,37,14313,3,15524,1440000,15526,22,15526,1440000,15528,22,15529,0,15529,1440000,15533,0,15534,633600,15535,0,15536,510883,15536,633600,15538,0,15436,0,15538,0,15539,0,
15623,1440000,15625,45,14412,3,15625,1248000,15627,33,15628,1248000,15629,20,15631,0,15631,1248000,15633,0,15634,633600,15636,0,15636,548135,15636,633600,15638,0,15538,0,15639,0,15639,0,
15723,1440000,15725,37,14512,3,15725,1440000,15727,45,15728,1440000,15729,25,15730,0,15730,1440000,15732,10,15733,633600,15735,0,15735,737942,15735,633600,15737,0,15638,0,15738,0,15738,0,
15824,1440000,15825,60,14613,3,15826,1440000,15827,30,15828,1440000,15829,10,15830,0,15830,1440000,15832,10,15832,633600,15833,0,15834,693792,15834,633600,15835,0,15737,0,15836,0,15836,0,
15924,1248000,15926,11,14714,3,15926,1248000,15928,20,15928,1248000,15930,10,15930,0,15931,1248000,15932,10,15933,633600,15934,0,15934,254337,15935,633600,15936,0,15835,0,15937,0,15937,0,
16025,1248000,16027,18,14814,3,16028,1248000,16030,11,16030,1248000,16032,0,16032,0,16033,1248000,16035,0,16035,633600,16037,0,16038,144623,16038,633600,16040,0,15936,0,16040,0,16041,0,
16126,1248000,16128,18,14917,3,16129,1248000,16130,20,16131,1248000,16133,10,16133,0,16134,1248000,16136,10,16136,633600,16138,0,16138,289246,16138,633600,16140,0,16040,0,16141,0,16142,0,
16227,1248000,16229,11,15018,3,16230,1248000,16232,27,16232,1248000,16234,10,16235,0,16235,1248000,16237,0,16237,633600,16239,0,16239,239376,16240,633600,16242,0,16141,0,16242,0,16243,0,
16328,1248000,16332,27,15119,3,16334,1248000,16336,30,16337,1248000,16339,10,16340,0,16341,1248000,16343,0,16344,633600,16346,0,16346,334129,16347,633600,16350,0,16242,0,16351,0,16351,0,
16428,1440000,16430,45,15219,3,16431,1440000,16432,36,16433,1440000,16435,77,16436,0,16436,1440000,16438,0,16439,633600,16441,0,16441,996537,16442,633600,16443,0,16350,0,16444,0,16445,0,
16530,1440000,16532,55,15323,3,16533,1440000,16535,25,16535,1440000,16537,27,16538,0,16538,1440000,16540,20,16540,633600,16543,0,16543,801014,16544,633600,16546,0,16444,0,16548,0,16549,0,
16580,1440000,16582,50,15423,3,16583,1440000,16585,75,16585,1440000,16587,60,16588,0,16588,1440000,16590,33,16591,633600,16593,0,16593,1374969,16594,633600,16596,0,16547,0,16601,0,16602,0,
16681,1440000,16683,55,15524,3,16683,1440000,16685,33,16686,1440000,16687,44,16688,0,16688,1440000,16690,11,16691,633600,16693,0,16693,901929,16693,633600,16695,0,16600,0,16697,0,16698,0,
16782,1440000,16785,33,15625,3,16786,1440000,16788,33,16789,1440000,16790,11,16791,0,16792,1440000,16798,10,16799,633600,16802,0,16803,548726,16803,633600,16805,0,16696,0,16806,0,16807,0,
16882,1440000,16885,60,15725,3,16886,1440000,16888,30,16888,1440000,16890,30,16891,0,16891,1440000,16893,20,16895,633600,16898,0,16898,883008,16898,633600,16900,0,16805,0,16901,0,16902,0,
16983,1248000,16985,44,15826,3,16986,1248000,16988,10,16988,1248000,16990,27,16991,0,16991,1248000,16993,30,16994,633600,16996,0,16996,553557,16997,633600,16999,0,16901,0,17000,0,17001,0,
17084,1248000,17086,41,15926,3,17087,1248000,17089,22,17090,1248000,17092,11,17093,0,17094,1248000,17096,30,17097,633600,17099,0,17099,518648,17100,633600,17102,0,17000,0,17102,0,17103,0,
17185,1440000,17188,11,16028,3,17189,1248000,17191,10,17192,1248000,17195,10,17195,0,17196,1248000,17198,11,17199,633600,17201,0,17202,223976,17202,633600,17205,0,17102,0,17206,0,17207,0,
17288,1440000,17292,33,16128,3,17293,1440000,17296,30,17297,1440000,17299,36,17301,0,17303,1440000,17305,36,17305,633600,17307,0,17308,851472,17308,633600,17310,0,17205,0,17311,0,17311,0,
17391,1440000,17393,50,16229,3,17393,1440000,17396,36,17397,1440000,17399,33,17400,0,17400,1440000,17403,40,17403,633600,17406,0,17406,1002844,17407,633600,17409,0,17310,0,17409,0,17410,0,
17492,1440000,17494,44,16333,3,17495,1440000,17498,22,17499,1440000,17501,30,17501,0,17502,1440000,17504,33,17505,633600,17508,0,17508,813628,17509,633600,17511,0,17409,0,17513,0,17514,0,
17592,1248000,17595,40,16430,3,17597,1248000,17600,30,17601,1248000,17605,33,17606,0,17607,1248000,17611,36,17612,633600,17615,0,17616,693194,17616,633600,17618,0,17512,0,17619,0,17620,0,
17693,1440000,17696,55,16533,3,17697,1440000,17700,50,17701,1440000,17703,40,17704,0,17705,1440000,17706,12,17707,633600,17710,0,17710,990230,17711,633600,17714,0,17619,0,17715,0,17716,0,
17793,1440000,17797,50,16582,3,17800,1440000,17803,44,17804,1440000,17805,33,17806,0,17806,1440000,17809,20,17810,633600,17813,0,17813,927158,17814,633600,17816,0,17714,0,17817,0,17818,0,
17899,1440000,17901,33,16683,3,17902,1440000,17904,45,17904,1440000,17906,30,17906,0,17907,1440000,17909,27,17910,633600,17912,0,17913,851472,17913,633600,17915,0,17816,0,17917,0,17918,0,
17999,1440000,18002,54,16748,6,18003,1440000,18005,45,18005,1440000,18007,20,18008,0,18009,1440000,18012,30,18012,633600,18015,0,18015,939772,18016,633600,18018,0,17916,0,18019,0,18020,0,
18100,1248000,18102,44,16785,6,18104,1248000,18106,36,18107,1248000,18109,40,18110,0,18111,1248000,18114,33,18115,633600,18117,0,18117,763012,18118,633600,18120,0,18018,0,18121,0,18122,0,
18202,1440000,18204,60,16886,6,18205,1440000,18206,30,18206,1440000,18208,0,18210,0,18211,1440000,18216,40,18217,633600,18220,0,18221,819936,18221,633600,18223,0,18121,0,18224,0,18225,0,
18302,1440000,18304,45,16986,6,18305,1440000,18306,30,18307,1440000,18308,0,18309,0,18310,1440000,18311,11,18312,633600,18314,0,18314,542419,18314,633600,18316,0,18224,0,18317,0,18318,0,
18403,1248000,18405,22,17087,6,18406,1248000,18408,27,18408,1248000,18411,0,18412,0,18412,1248000,18414,0,18415,633600,18418,0,18418,244363,18419,633600,18422,0,18316,0,18423,0,18424,0,
18504,1440000,18510,45,17188,6,18511,1440000,18518,36,18519,1440000,18520,36,18521,0,18522,1440000,18523,0,18524,633600,18527,50,18527,825607,18527,633600,18529,0,18422,0,18530,0,18530,0,
18605,1440000,18608,30,17292,6,18610,1440000,18613,20,18614,1440000,18616,10,18618,0,18618,1440000,18620,10,18621,633600,18623,100,18624,616833,18624,633600,18626,0,18529,0,18627,0,18628,0,
18707,1440000,18711,50,17393,6,18712,1440000,18714,11,18715,1440000,18719,11,18720,0,18721,1440000,18724,10,18725,633600,18732,100,18732,692520,18733,633600,18736,0,18626,0,18737,0,18738,0,
18807,1440000,18809,60,17495,6,18810,1440000,18813,58,18814,1440000,18816,66,18817,0,18817,1440000,18819,30,18819,633600,18822,100,18822,1525070,18823,633600,18824,0,18736,0,18825,0,18825,0,
18908,1440000,18910,77,17596,6,18910,1440000,18912,80,18913,1440000,18915,33,18916,0,18916,1440000,18919,20,18919,633600,18921,100,18922,1499841,18922,633600,18923,0,18824,0,18924,0,18925,0,
19009,1440000,19014,70,17696,6,19017,1440000,19019,90,19020,1440000,19023,30,19023,0,19024,1440000,19025,0,19026,633600,19029,100,19029,1373697,19030,633600,19032,0,18924,0,19033,0,19034,0,
19109,1440000,19112,72,17759,3,19113,1440000,19115,50,19115,1440000,19117,33,19118,0,19118,1440000,19120,22,19120,633600,19122,100,19122,1291704,19122,633600,19124,55,19032,0,19125,0,19126,0,
19210,1440000,19212,81,17799,3,19213,1440000,19215,33,19216,1440000,19218,44,19218,0,19219,1440000,19221,36,19221,633600,19226,100,19227,1495357,19227,633600,19230,0,19124,0,19231,0,19231,0,
19311,1440000,19312,100,17901,3,19313,1440000,19314,60,19315,1440000,19317,33,19317,0,19318,1440000,19319,12,19320,633600,19322,100,19322,1468305,19322,633600,19326,0,19230,0,19327,0,19328,0,
19411,1440000,19413,81,18002,3,19414,1440000,19416,60,19417,1440000,19418,36,19419,0,19419,1440000,19421,30,19422,633600,19423,100,19424,1480920,19424,633600,19426,0,19327,0,19427,0,19428,0,
19515,1440000,19516,45,18103,3,19517,1440000,19518,18,19519,1440000,19520,0,19521,0,19521,1440000,19523,10,19523,633600,19524,27,19525,507764,19525,633600,19526,0,19426,0,19527,0,19527,0,
19615,1248000,19617,20,18204,3,19617,1248000,19619,10,19620,1248000,19622,0,19622,0,19623,1248000,19624,10,19625,633600,19626,0,19627,199480,19627,633600,19629,0,19526,0,19629,0,19630,0,
19716,1248000,19718,30,18304,3,19718,1248000,19720,20,19720,1248000,19721,16,19722,0,19722,1248000,19724,10,19724,633600,19725,0,19726,379012,19726,633600,19727,0,19629,0,19728,0,19728,0,
19817,1248000,19819,20,18406,3,19819,1248000,19821,0,19822,1248000,19823,0,19824,0,19824,1248000,19826,18,19826,633600,19828,0,19828,189506,19828,633600,19830,0,19727,0,19831,0,19831,0,
19918,1248000,19920,18,18510,3,19921,1248000,19922,0,19923,1248000,19925,10,19926,0,19927,1248000,19929,10,19930,633600,19932,0,19932,189506,19933,633600,19934,0,19830,0,19935,0,19936,0,
20018,1440000,20020,55,18609,3,20021,1440000,20023,22,20024,1440000,20026,20,20027,0,20027,1440000,20029,20,20030,633600,20032,0,20032,737942,20033,633600,20035,0,19935,0,20035,0,20036,0,
20119,1440000,20120,100,18711,3,20121,1440000,20123,50,20124,1440000,20126,40,20126,0,20127,1440000,20129,22,20130,633600,20132,0,20133,1337126,20133,633600,20135,0,20035,0,20136,0,20137,0,
20219,1440000,20221,100,18810,3,20222,1440000,20223,50,20224,1440000,20225,37,20226,0,20226,1440000,20228,22,20229,633600,20230,10,20231,1335737,20231,633600,20233,0,20136,0,20233,0,20234,0,
20320,1440000,20322,55,18910,3,20323,1440000,20325,22,20326,1440000,20328,27,20328,0,20329,1440000,20332,18,20332,633600,20335,0,20335,769478,20335,633600,20338,0,20233,0,20339,0,20339,0,
20423,1440000,20425,66,19015,3,20426,1440000,20429,60,20430,1440000,20431,55,20432,0,20432,1440000,20434,44,20434,633600,20436,0,20436,1419120,20437,633600,20439,0,20338,0,20440,0,20441,0,
20522,1440000,20523,54,19112,3,20524,1440000,20527,44,20528,1440000,20531,25,20532,0,20533,1440000,20535,40,20536,633600,20538,0,20538,1028073,20539,633600,20541,0,20439,0,20543,0,20543,0,
20622,1440000,20625,72,19212,3,20626,1440000,20629,50,20630,1440000,20633,45,20634,0,20635,1440000,20636,30,20637,633600,20639,0,20639,1242518,20639,633600,20642,0,20448,0,20643,0,20644,0,
20724,1440000,20726,41,19313,3,20727,1440000,20728,11,20729,1440000,20731,18,20732,0,20732,1440000,20734,22,20735,633600,20736,0,20737,580262,20737,633600,20740,0,20542,0,20741,0,20742,0,
20824,1440000,20826,100,19414,3,20826,1440000,20828,20,20829,1440000,20831,22,20832,0,20833,1440000,20836,30,20837,633600,20839,0,20839,1084838,20840,633600,20842,0,20642,0,20842,0,20843,0,
20924,1440000,20926,100,19516,3,20926,1440000,20928,22,20929,1440000,20930,12,20931,0,20931,1440000,20933,22,20933,633600,20935,0,20935,983923,20935,633600,20937,0,20740,0,20938,0,20938,0,
21025,1440000,21027,100,19617,3,21027,1440000,21029,20,21029,1440000,21031,0,21031,0,21032,1440000,21033,20,21034,633600,21035,0,21035,883008,21036,633600,21037,0,20842,0,21038,0,21039,0,
21125,1440000,21127,91,19718,3,21127,1440000,21129,20,21129,1440000,21130,10,21131,0,21131,1440000,21133,20,21133,633600,21135,0,21135,889315,21135,633600,21136,0,20937,0,21137,0,21137,0,
21226,1248000,21228,12,19819,3,21228,1248000,21230,10,21230,1248000,21232,10,21232,0,21233,1248000,21234,11,21235,633600,21236,0,21236,214441,21237,633600,21238,0,21038,0,21239,0,21239,0,
21326,1248000,21328,10,19920,3,21329,1248000,21331,18,21332,1248000,21334,27,21334,0,21335,1248000,21336,10,21337,633600,21339,0,21339,324155,21340,633600,21341,0,21137,0,21342,0,21342,0,
21427,1248000,21429,20,20021,3,21429,1248000,21431,0,21432,1248000,21434,10,21434,0,21435,1248000,21436,20,21437,633600,21438,0,21439,249350,21439,633600,21441,0,21238,0,21442,0,21442,0,
21528,1248000,21532,20,20121,3,21533,1248000,21535,10,21536,1248000,21539,0,21540,0,21540,1248000,21544,18,21546,633600,21549,0,21550,239376,21551,633600,21554,0,21342,0,21555,0,21556,0,
21630,1248000,21632,30,20221,3,21634,1248000,21636,20,21636,1248000,21638,27,21639,0,21640,1248000,21643,33,21643,633600,21646,0,21646,548570,21646,633600,21649,0,21441,0,21650,0,21650,0,
21731,1440000,21733,20,20323,3,21734,1248000,21736,11,21737,1248000,21739,0,21740,0,21741,1248000,21744,20,21744,633600,21746,0,21747,280741,21748,633600,21750,0,21554,0,21751,0,21751,0,
21832,1248000,21836,30,20425,3,21838,1248000,21841,10,21841,1248000,21844,10,21845,0,21845,1248000,21847,30,21848,633600,21849,0,21850,398960,21850,633600,21852,0,21649,0,21853,0,21854,0,
21932,1440000,21934,22,20524,3,21935,1248000,21937,18,21937,1248000,21939,10,21940,0,21941,1248000,21943,20,21943,633600,21945,0,21945,378134,21946,633600,21948,0,21750,0,21948,0,21949,0,
22035,1440000,22037,40,20625,3,22038,1440000,22041,30,22042,1440000,22044,20,22044,0,22045,1440000,22047,20,22048,633600,22050,0,22050,693792,22050,633600,22052,0,21852,0,22052,0,22053,0,
22136,1248000,22138,45,20726,3,22139,1248000,22141,30,22141,1248000,22144,40,22146,0,22147,1248000,22150,20,22151,633600,22153,0,22153,673246,22154,633600,22156,0,21948,0,22157,0,22158,0,
22237,1248000,22240,55,20826,3,22241,1248000,22243,50,22243,1248000,22246,25,22248,0,22248,1248000,22250,33,22251,633600,22253,0,22253,812882,22254,633600,22256,0,22052,0,22257,0,22258,0,
22338,1440000,22340,33,20926,3,22341,1440000,22342,11,22343,1440000,22345,20,22346,0,22346,1440000,22349,40,22350,633600,22352,0,22353,655948,22353,633600,22355,0,22156,0,22356,0,22356,0,
22439,1248000,22444,30,21027,3,22445,1248000,22447,40,22448,1248000,22451,20,22452,0,22453,1248000,22456,30,22456,633600,22459,0,22459,598440,22460,633600,22462,0,22256,0,22463,0,22463,0,
22539,1440000,22542,44,21127,3,22543,1440000,22545,30,22546,1440000,22548,11,22549,0,22550,1440000,22552,22,22553,633600,22556,0,22556,674870,22557,633600,22559,0,22355,0,22560,0,22561,0,
22641,1248000,22644,20,21228,3,22645,1248000,22647,20,22648,1248000,22650,11,22651,0,22652,1248000,22654,27,22655,633600,22657,0,22657,388986,22658,633600,22660,0,22462,0,22662,0,22662,0,
22742,1248000,22746,11,21329,3,22747,1248000,22750,16,22751,1248000,22754,0,22755,0,22756,1248000,22759,27,22761,633600,22764,0,22765,269298,22765,633600,22767,0,22559,0,22768,0,22769,0,
22843,1440000,22847,30,21429,3,22848,1440000,22850,20,22851,1248000,22854,22,22855,0,22856,1248000,22858,11,22859,633600,22862,0,22862,479931,22863,633600,22868,0,22661,0,22869,0,22869,0,
22943,1440000,22946,55,21532,3,22946,1440000,22949,40,22950,1248000,22953,36,22954,0,22954,1248000,22956,30,22957,633600,22959,0,22959,928326,22960,633600,22962,0,22768,0,22963,0,22964,0,
23044,1440000,23046,30,21633,3,23048,1440000,23049,22,23050,1440000,23052,30,23052,0,23053,1440000,23055,30,23055,633600,23057,0,23057,706406,23057,633600,23059,0,22868,0,23060,0,23061,0,
23145,1440000,23147,50,21734,3,23148,1440000,23150,36,23150,1440000,23152,40,23153,0,23153,1440000,23155,20,23155,633600,23158,0,23158,920851,23158,633600,23160,0,22962,0,23161,0,23162,0,
23246,1440000,23248,27,21837,3,23250,1440000,23253,11,23253,1440000,23256,0,23257,0,23258,1440000,23260,9,23261,633600,23263,0,23263,296438,23264,633600,23266,0,23059,0,23268,0,23268,0,
23348,1440000,23352,22,21935,3,23353,1440000,23356,20,23358,1440000,23361,30,23362,0,23363,1440000,23365,25,23366,633600,23368,0,23368,611798,23369,633600,23370,0,23160,0,23371,0,23371,0,
23448,1440000,23452,40,22038,3,23453,1440000,23455,33,23455,1440000,23457,44,23458,0,23459,1440000,23461,0,23461,633600,23464,0,23464,737942,23465,633600,23468,0,23267,0,23469,0,23469,0,
23549,1440000,23552,63,22138,3,23553,1440000,23555,36,23556,1440000,23557,10,23558,0,23559,1440000,23561,10,23562,633600,23564,0,23564,750556,23565,633600,23567,0,23371,0,23568,0,23568,0,
23650,1440000,23652,22,22240,3,23653,1440000,23654,40,23655,1440000,23657,33,23658,0,23659,1440000,23661,10,23663,633600,23665,0,23666,662256,23666,633600,23668,0,23468,0,23668,0,23669,0,
23751,1440000,23755,22,22340,3,23756,1440000,23759,30,23760,1440000,23766,41,23767,0,23767,1440000,23769,9,23770,633600,23772,0,23772,643334,23772,633600,23774,0,23567,0,23775,0,23775,0,
23852,1440000,23855,33,22444,3,23855,1440000,23857,22,23858,1440000,23859,25,23860,0,23861,1440000,23863,20,23864,633600,23867,0,23867,630720,23867,633600,23869,0,23668,0,23870,0,23871,0,
23954,1248000,23956,40,22542,3,23956,1248000,23959,27,23960,1248000,23962,50,23964,0,23965,1248000,23968,10,23968,633600,23971,0,23971,633350,23971,633600,23974,0,23774,0,23975,0,23975,0,
24055,1440000,24056,27,22644,3,24057,1440000,24059,18,24060,1440000,24062,30,24062,0,24063,1440000,24066,18,24066,633600,24069,0,24069,586569,24070,633600,24072,0,23869,0,24073,0,24074,0,
24156,1248000,24158,0,22746,3,24159,1248000,24162,10,24162,1248000,24165,27,24166,0,24168,1248000,24171,0,24171,633600,24174,0,24174,184519,24174,633600,24176,0,23974,0,24178,0,24178,0,
24257,1440000,24260,20,22847,3,24261,1248000,24262,10,24263,1248000,24265,30,24266,0,24266,1248000,24268,10,24269,633600,24271,0,24271,375494,24271,633600,24273,0,24073,0,24274,0,24274,0,
24358,1248000,24361,20,22946,3,24362,1248000,24364,0,24365,1248000,24368,11,24369,0,24369,1248000,24372,9,24372,633600,24375,0,24375,199480,24375,633600,24378,0,24177,0,24379,0,24379,0,
24459,1440000,24464,27,23047,3,24466,1440000,24476,18,24480,1440000,24487,33,24488,0,24489,1440000,24491,9,24492,633600,24495,0,24495,548726,24496,633600,24498,0,24273,0,24499,0,24499,0,
24561,1440000,24563,25,23148,3,24564,1440000,24566,33,24567,1440000,24569,0,24570,0,24571,1440000,24574,0,24575,633600,24578,0,24579,365817,24579,633600,24583,0,24378,0,24587,0,24588,0,
24663,1440000,24666,54,23249,3,24667,1440000,24669,60,24669,1440000,24674,12,24675,0,24675,1440000,24678,0,24678,633600,24681,0,24681,794707,24682,633600,24684,0,24498,0,24685,0,24686,0,
24762,1440000,24764,22,23352,3,24765,1440000,24767,22,24767,1440000,24769,11,24770,0,24771,1440000,24773,10,24773,633600,24775,0,24775,409967,24776,633600,24778,0,24585,0,24779,0,24780,0,
24863,1248000,24866,12,23452,3,24867,1248000,24869,33,24870,1248000,24872,0,24874,0,24874,1248000,24877,0,24879,633600,24883,0,24884,224415,24885,633600,24889,0,24684,0,24892,0,24896,0,
24965,1440000,24968,22,23553,3,24970,1440000,24974,33,24975,1440000,24979,41,24980,0,24982,1440000,24984,18,24984,633600,24988,0,24988,719020,24988,633600,24990,0,24778,0,24992,0,24993,0,
25066,1440000,25068,22,23652,3,25069,1440000,25071,27,25072,1440000,25075,11,25076,0,25077,1440000,25079,9,25080,633600,25083,0,25083,435196,25085,633600,25089,0,24890,0,25090,0,25090,0,
25167,1440000,25171,50,23755,3,25172,1440000,25175,44,25176,1440000,25178,30,25179,0,25179,1440000,25182,11,25184,633600,25186,0,25187,851472,25187,633600,25190,0,24991,0,25191,0,25191,0,
25268,1440000,25269,41,23855,3,25271,1440000,25272,30,25273,1440000,25275,11,25276,0,25277,1440000,25279,10,25280,633600,25282,0,25282,580262,25283,633600,25286,0,25089,0,25288,0,25289,0,
25369,1248000,25371,33,23956,3,25372,1248000,25374,33,25374,1248000,25376,10,25377,0,25378,1248000,25380,9,25381,633600,25384,0,25384,423895,25385,633600,25387,0,25190,0,25388,0,25389,0,
25472,1248000,25478,30,24057,3,25480,1248000,25482,27,25483,1248000,25485,10,25486,0,25487,1248000,25489,10,25489,633600,25492,0,25492,383999,25493,633600,25495,0,25286,0,25496,0,25497,0,
25571,1440000,25573,12,24158,3,25574,1440000,25576,22,25577,1440000,25579,77,25580,0,25580,1440000,25582,20,25582,633600,25585,0,25585,826243,25585,633600,25587,0,25388,0,25588,0,25589,0,
25673,1440000,25676,54,24260,3,25676,1440000,25678,20,25678,1440000,25680,44,25681,0,25681,1440000,25683,10,25683,633600,25685,0,25685,807321,25686,633600,25687,0,25495,0,25688,0,25688,0,
25724,1440000,25726,40,24362,3,25727,1440000,25730,40,25731,1440000,25734,28,25735,0,25736,1440000,25738,0,25739,633600,25741,0,25741,681177,25742,633600,25744,0,25588,0,25745,0,25745,0,
25826,1440000,25829,36,24465,3,25830,1440000,25832,30,25832,1440000,25835,20,25836,0,25836,1248000,25839,0,25839,633600,25842,0,25842,542419,25843,633600,25845,0,25687,0,25846,0,25848,0,
25926,1248000,25930,36,24563,3,25931,1248000,25933,40,25934,1248000,25936,20,25938,0,25938,1248000,25942,10,25942,633600,25945,10,25945,546155,25946,633600,25950,0,25744,0,25952,0,25952,0,
26027,1248000,26030,22,24666,3,26031,1248000,26034,33,26035,1248000,26037,11,26038,0,26039,1248000,26042,0,26042,633600,26045,60,26045,434340,26046,633600,26049,0,25846,0,26050,0,26051,0,
26127,1440000,26132,50,24765,3,26133,1440000,26135,54,26136,1440000,26138,30,26139,0,26139,1440000,26141,10,26142,633600,26144,0,26144,908236,26145,633600,26146,0,25951,0,26147,0,26148,0,
26228,1440000,26232,40,24866,3,26234,1248000,26238,12,26239,1248000,26242,36,26244,0,26245,1248000,26247,9,26248,633600,26250,9,26251,552327,26251,633600,26253,0,26049,0,26254,0,26254,0,
26328,1440000,26331,12,24969,3,26332,1248000,26334,30,26335,1248000,26337,11,26338,0,26339,1248000,26341,11,26342,633600,26344,0,26345,335010,26345,633600,26347,0,26146,0,26349,0,26349,0,
26430,1440000,26433,66,25069,3,26434,1440000,26437,60,26437,1440000,26439,50,26440,0,26441,1440000,26443,10,26445,633600,26449,27,26449,1220478,26449,633600,26453,0,26253,0,26453,0,26454,0,
26531,1440000,26533,44,25172,3,26533,1440000,26535,33,26535,1440000,26537,60,26538,0,26538,1440000,26539,40,26540,633600,26542,0,26542,1116374,26542,633600,26544,0,26348,0,26545,0,26546,0,
26632,1440000,26635,50,25270,3,26636,1440000,26638,45,26639,1440000,26642,45,26644,0,26644,1440000,26648,30,26648,633600,26651,0,26651,1072224,26652,633600,26653,0,26453,0,26654,0,26655,0,
26733,1440000,26735,50,25371,3,26736,1440000,26738,60,26738,1440000,26741,44,26742,0,26743,1440000,26747,27,26748,633600,26750,0,26750,1141603,26751,633600,26752,0,26545,0,26753,0,26754,0,
26834,1440000,26836,50,25479,3,26837,1440000,26838,36,26839,1440000,26843,20,26844,0,26845,1440000,26847,0,26848,633600,26850,0,26851,668563,26851,633600,26853,0,26654,0,26854,0,26854,0,
26935,1248000,26938,50,25574,3,26938,1248000,26943,36,26944,1248000,26947,20,26948,0,26949,1248000,26952,9,26952,633600,26954,0,26954,573505,26955,633600,26957,0,26752,0,26957,0,26958,0,
27036,1248000,27039,25,25676,3,27040,1248000,27043,20,27044,1248000,27046,18,27047,0,27048,1248000,27051,0,27052,633600,27055,0,27055,314181,27055,633600,27058,0,26853,0,27059,0,27060,0,
27140,1440000,27143,40,25727,3,27144,1440000,27148,20,27151,1440000,27158,22,27165,0,27165,1440000,27168,8,27168,633600,27171,0,27171,567647,27172,633600,27174,0,26957,0,27175,0,27176,0,
,,,,25829,3,,,,,,,,,,,,,,,,,,,,,,,,,27058,0,,,,,
,,,,25931,3,,,,,,,,,,,,,,,,,,,,,,,,,27174,0,,,,,
,,,,26030,3,,,,,,,,,,,,,,,,,,,,,,,,,,,,,,,
,,,,26132,3,,,,,,,,,,,,,,,,,,,,,,,,,,,,,,,
,,,,26233,3,,,,,,,,,,,,,,,,,,,,,,,,,,,,,,,
,,,,26331,3,,,,,,,,,,,,,,,,,,,,,,,,,,,,,,,
,,,,26434,3,,,,,,,,,,,,,,,,,,,,,,,,,,,,,,,
,,,,26533,3,,,,,,,,,,,,,,,,,,,,,,,,,,,,,,,
,,,,26635,3,,,,,,,,,,,,,,,,,,,,,,,,,,,,,,,
,,,,26736,3,,,,,,,,,,,,,,,,,,,,,,,,,,,,,,,
,,,,26836,3,,,,,,,,,,,,,,,,,,,,,,,,,,,,,,,
,,,,26938,3,,,,,,,,,,,,,,,,,,,,,,,,,,,,,,,
,,,,27039,3,,,,,,,,,,,,,,,,,,,,,,,,,,,,,,,
,,,,27143,3,,,,,,,,,,,,,,,,,,,,,,,,,,,,,,,
,,,,,,,,,,,,,,,,,,,,,,,,,,,,,,,,,,,,

System Statistics:
Sensor Id,Name,Type,Average
200,"Mobile Data State",Mobile Data State,3.6315789473684212
206,"Battery Status",Battery Status,0.0
331,"Screen Brightness",Brightness,0.0
332,"Battery Power*",Power [uW],884715.4907749078
400,"GPU Frequency",GPU Frequency [KHz],0.0
401,"GPU Load",GPU Load [%],0.0
1000,"CPU1 Frequency",CPU Frequency [kHz],1342653.8745387455
1001,"CPU2 Frequency",CPU Frequency [kHz],1336277.4907749076
1002,"CPU3 Frequency",CPU Frequency [kHz],1333921.7712177122
1003,"CPU4 Frequency",CPU Frequency [kHz],1336419.1881918819
1004,"CPU5 Frequency",CPU Frequency [kHz],633600.0
1005,"CPU6 Frequency",CPU Frequency [kHz],633600.0
1096,"CPU1 Load",CPU Load [%],48.055350553505534
1097,"CPU2 Load",CPU Load [%],40.291512915129154
1098,"CPU3 Load",CPU Load [%],36.71217712177122
1099,"CPU4 Load",CPU Load [%],19.239852398523986
1100,"CPU5 Load",CPU Load [%],13.158671586715867
1101,"CPU6 Load",CPU Load [%],7.627306273062731


